{"type":"FeatureCollection","features":[{"type":"Feature","properties":{"weight":1.0,"date":"2026-08-10","country":"Afghanistan"},"geometry":{"type":"Point","coordinates":[62.2,34.35]}},{"type":"Feature","properties":{"weight":1.6,"date":"2026-08-11","country":"Afghanistan"},"geometry":{"type":"Point","coordinates":[64.881,34.203]}},{"type":"Feature","properties":{"weight":1.0,"date":"2026-08-25","country":"Afghanistan"},"geometry":{"type":"Point","coordinates":[69.163,34.531]}},{"type":"Feature","properties":{"weight":1.6,"date":"2026-08-31","country":"Afghanistan"},"geometry":{"type":"Point","coordinates":[69.163,34.531]}},{"type":"Feature","properties":{"weight":1.6,"date":"2026-08-14","country":"Afghanistan"},"geometry":{"type":"Point","coordinates":[69.876,37.451]}},{"type":"Feature","properties":{"weight":1.6,"date":"2026-08-28","country":"Afghanistan"},"geometry":{"type":"Point","coordinates":[68.582,35.568]}},{"type":"Feature","properties":{"weight":3.83,"date":"2026-08-16","country":"Afghanistan"},"geometry":{"type":"Point","coordinates":[70.604,34.045]}},{"type":"Feature","properties":{"weight":1.95,"date":"2026-08-13","country":"Afghanistan"},"geometry":{"type":"Point","coordinates":[70.58,37.117]}},{"type":"Feature","properties":{"weight":2.2,"date":"2026-08-20","country":"Afghanistan"},"geometry":{"type":"Point","coordinates":[69.025,35.322]}},{"type":"Feature","properties":{"weight":1.0,"date":"2026-08-25","country":"Afghanistan"},"geometry":{"type":"Point","coordinates":[70.58,37.117]}},{"type":"Feature","properties":{"weight":1.95,"date":"2026-08-27","country":"Afghanistan"},"geometry":{"type":"Point","coordinates":[69.665,35.905]}},{"type":"Feature","properties":{"weight":1.95,"date":"2026-08-27","country":"Afghanistan"},"geometry":{"type":"Point","coordinates":[69.023,35.988]}},{"type":"Feature","properties":{"weight":2.2,"date":"2026-08-28","country":"Afghanistan"},"geometry":{"type":"Point","coordinates":[70.207,34.664]}},{"type":"Feature","properties":{"weight":1.0,"date":"2026-08-28","country":"Afghanistan"},"geometry":{"type":"Point","coordinates":[62.336,34.373]}},{"type":"Feature","properties":{"weight":1.0,"date":"2026-08-05","country":"Afghanistan"},"geometry":{"type":"Point","coordinates":[71.347,36.429]}},{"type":"Feature","properties":{"weight":1.0,"date":"2026-08-15","country":"Afghanistan"},"geometry":{"type":"Point","coordinates":[71.347,36.429]}},{"type":"Feature","properties":{"weight":1.0,"date":"2026-08-19","country":"Afghanistan"},"geometry":{"type":"Point","coordinates":[70.58,37.117]}},{"type":"Feature","properties":{"weight":1.0,"date":"2026-08-25","country":"Afghanistan"},"geometry":{"type":"Point","coordinates":[71.347,36.429]}},{"type":"Feature","properties":{"weight":1.0,"date":"2026-08-02","country":"Afghanistan"},"geometry":{"type":"Point","coordinates":[65.706,31.612]}},{"type":"Feature","properties":{"weight":1.0,"date":"2026-08-05","country":"Afghanistan"},"geometry":{"type":"Point","coordinates":[69.56,35.582]}},{"type":"Feature","properties":{"weight":1.0,"date":"2026-08-06","country":"Afghanistan"},"geometry":{"type":"Point","coordinates":[70.422,37.065]}},{"type":"Feature","properties":{"weight":1.0,"date":"2026-08-31","country":"Afghanistan"},"geometry":{"type":"Point","coordinates":[65.0,34.0]}},{"type":"Feature","properties":{"weight":3.23,"date":"2026-08-11","country":"Afghanistan"},"geometry":{"type":"Point","coordinates":[70.817,38.414]}},{"type":"Feature","properties":{"weight":1.6,"date":"2026-08-15","country":"Afghanistan"},"geometry":{"type":"Point","coordinates":[70.817,38.414]}},{"type":"Feature","properties":{"weight":1.95,"date":"2026-08-16","country":"Afghanistan"},"geometry":{"type":"Point","coordinates":[70.817,38.414]}},{"type":"Feature","properties":{"weight":1.0,"date":"2026-08-10","country":"Afghanistan"},"geometry":{"type":"Point","coordinates":[69.163,34.531]}},{"type":"Feature","properties":{"weight":1.6,"date":"2026-08-20","country":"Bangladesh"},"geometry":{"type":"Point","coordinates":[90.503,23.624]}},{"type":"Feature","properties":{"weight":1.6,"date":"2026-08-23","country":"Bangladesh"},"geometry":{"type":"Point","coordinates":[90.783,24.439]}},{"type":"Feature","properties":{"weight":1.6,"date":"2026-08-10","country":"Bangladesh"},"geometry":{"type":"Point","coordinates":[90.293,23.326]}},{"type":"Feature","properties":{"weight":1.95,"date":"2026-08-27","country":"Bangladesh"},"geometry":{"type":"Point","coordinates":[92.163,21.194]}},{"type":"Feature","properties":{"weight":1.6,"date":"2026-08-01","country":"Brazil"},"geometry":{"type":"Point","coordinates":[-60.025,-3.102]}},{"type":"Feature","properties":{"weight":1.6,"date":"2026-08-03","country":"Brazil"},"geometry":{"type":"Point","coordinates":[-60.025,-3.102]}},{"type":"Feature","properties":{"weight":1.6,"date":"2026-08-04","country":"Brazil"},"geometry":{"type":"Point","coordinates":[-60.025,-3.102]}},{"type":"Feature","properties":{"weight":1.6,"date":"2026-08-06","country":"Brazil"},"geometry":{"type":"Point","coordinates":[-60.025,-3.102]}},{"type":"Feature","properties":{"weight":1.6,"date":"2026-08-07","country":"Brazil"},"geometry":{"type":"Point","coordinates":[-60.025,-3.102]}},{"type":"Feature","properties":{"weight":1.6,"date":"2026-08-08","country":"Brazil"},"geometry":{"type":"Point","coordinates":[-60.186,-3.285]}},{"type":"Feature","properties":{"weight":1.6,"date":"2026-08-12","country":"Brazil"},"geometry":{"type":"Point","coordinates":[-60.025,-3.102]}},{"type":"Feature","properties":{"weight":1.6,"date":"2026-08-13","country":"Brazil"},"geometry":{"type":"Point","coordinates":[-60.025,-3.102]}},{"type":"Feature","properties":{"weight":1.6,"date":"2026-08-16","country":"Brazil"},"geometry":{"type":"Point","coordinates":[-60.025,-3.102]}},{"type":"Feature","properties":{"weight":2.2,"date":"2026-08-17","country":"Brazil"},"geometry":{"type":"Point","coordinates":[-60.025,-3.102]}},{"type":"Feature","properties":{"weight":1.6,"date":"2026-08-19","country":"Brazil"},"geometry":{"type":"Point","coordinates":[-69.939,-4.231]}},{"type":"Feature","properties":{"weight":1.6,"date":"2026-08-21","country":"Brazil"},"geometry":{"type":"Point","coordinates":[-60.025,-3.102]}},{"type":"Feature","properties":{"weight":1.6,"date":"2026-08-31","country":"Brazil"},"geometry":{"type":"Point","coordinates":[-60.186,-3.285]}},{"type":"Feature","properties":{"weight":1.6,"date":"2026-08-01","country":"Brazil"},"geometry":{"type":"Point","coordinates":[-51.066,0.039]}},{"type":"Feature","properties":{"weight":1.6,"date":"2026-08-04","country":"Brazil"},"geometry":{"type":"Point","coordinates":[-51.182,-0.058]}},{"type":"Feature","properties":{"weight":1.6,"date":"2026-08-07","country":"Brazil"},"geometry":{"type":"Point","coordinates":[-51.066,0.039]}},{"type":"Feature","properties":{"weight":1.6,"date":"2026-08-14","country":"Brazil"},"geometry":{"type":"Point","coordinates":[-51.066,0.039]}},{"type":"Feature","properties":{"weight":1.6,"date":"2026-08-17","country":"Brazil"},"geometry":{"type":"Point","coordinates":[-51.182,-0.058]}},{"type":"Feature","properties":{"weight":1.6,"date":"2026-08-18","country":"Brazil"},"geometry":{"type":"Point","coordinates":[-51.066,0.039]}},{"type":"Feature","properties":{"weight":1.6,"date":"2026-08-23","country":"Brazil"},"geometry":{"type":"Point","coordinates":[-51.066,0.039]}},{"type":"Feature","properties":{"weight":1.6,"date":"2026-08-26","country":"Brazil"},"geometry":{"type":"Point","coordinates":[-51.066,0.039]}},{"type":"Feature","properties":{"weight":1.6,"date":"2026-08-31","country":"Brazil"},"geometry":{"type":"Point","coordinates":[-51.066,0.039]}},{"type":"Feature","properties":{"weight":3.8,"date":"2026-08-05","country":"Burkina Faso"},"geometry":{"type":"Point","coordinates":[0.069,14.261]}},{"type":"Feature","properties":{"weight":3.8,"date":"2026-08-05","country":"Burkina Faso"},"geometry":{"type":"Point","coordinates":[0.044,14.15]}},{"type":"Feature","properties":{"weight":3.08,"date":"2026-08-04","country":"Burkina Faso"},"geometry":{"type":"Point","coordinates":[0.069,14.261]}},{"type":"Feature","properties":{"weight":2.2,"date":"2026-08-24","country":"Burkina Faso"},"geometry":{"type":"Point","coordinates":[0.11,12.729]}},{"type":"Feature","properties":{"weight":1.6,"date":"2026-08-02","country":"Burkina Faso"},"geometry":{"type":"Point","coordinates":[0.585,13.411]}},{"type":"Feature","properties":{"weight":2.2,"date":"2026-08-03","country":"Burkina Faso"},"geometry":{"type":"Point","coordinates":[-0.285,12.716]}},{"type":"Feature","properties":{"weight":3.08,"date":"2026-08-05","country":"Burkina Faso"},"geometry":{"type":"Point","coordinates":[-1.597,14.274]}},{"type":"Feature","properties":{"weight":1.0,"date":"2026-08-06","country":"Burkina Faso"},"geometry":{"type":"Point","coordinates":[-2.114,14.122]}},{"type":"Feature","properties":{"weight":1.6,"date":"2026-08-07","country":"Burkina Faso"},"geometry":{"type":"Point","coordinates":[-2.849,13.438]}},{"type":"Feature","properties":{"weight":2.2,"date":"2026-08-07","country":"Burkina Faso"},"geometry":{"type":"Point","coordinates":[-0.624,13.887]}},{"type":"Feature","properties":{"weight":1.95,"date":"2026-08-07","country":"Burkina Faso"},"geometry":{"type":"Point","coordinates":[-3.429,12.461]}},{"type":"Feature","properties":{"weight":3.0,"date":"2026-08-09","country":"Burkina Faso"},"geometry":{"type":"Point","coordinates":[2.119,12.018]}},{"type":"Feature","properties":{"weight":3.16,"date":"2026-08-10","country":"Burkina Faso"},"geometry":{"type":"Point","coordinates":[-2.729,13.24]}},{"type":"Feature","properties":{"weight":1.95,"date":"2026-08-11","country":"Burkina Faso"},"geometry":{"type":"Point","coordinates":[-2.849,13.438]}},{"type":"Feature","properties":{"weight":2.91,"date":"2026-08-15","country":"Burkina Faso"},"geometry":{"type":"Point","coordinates":[1.407,12.047]}},{"type":"Feature","properties":{"weight":1.0,"date":"2026-08-15","country":"Burkina Faso"},"geometry":{"type":"Point","coordinates":[-2.114,14.122]}},{"type":"Feature","properties":{"weight":2.2,"date":"2026-08-15","country":"Burkina Faso"},"geometry":{"type":"Point","coordinates":[0.162,11.408]}},{"type":"Feature","properties":{"weight":2.69,"date":"2026-08-16","country":"Burkina Faso"},"geometry":{"type":"Point","coordinates":[-2.914,13.312]}},{"type":"Feature","properties":{"weight":1.6,"date":"2026-08-17","country":"Burkina Faso"},"geometry":{"type":"Point","coordinates":[-2.379,13.527]}},{"type":"Feature","properties":{"weight":1.95,"date":"2026-08-17","country":"Burkina Faso"},"geometry":{"type":"Point","coordinates":[-2.725,13.281]}},{"type":"Feature","properties":{"weight":1.6,"date":"2026-08-17","country":"Burkina Faso"},"geometry":{"type":"Point","coordinates":[0.044,14.15]}},{"type":"Feature","properties":{"weight":1.0,"date":"2026-08-18","country":"Burkina Faso"},"geometry":{"type":"Point","coordinates":[-1.083,13.25]}},{"type":"Feature","properties":{"weight":2.4,"date":"2026-08-18","country":"Burkina Faso"},"geometry":{"type":"Point","coordinates":[0.06,12.31]}},{"type":"Feature","properties":{"weight":1.95,"date":"2026-08-19","country":"Burkina Faso"},"geometry":{"type":"Point","coordinates":[-1.546,13.678]}},{"type":"Feature","properties":{"weight":1.95,"date":"2026-08-19","country":"Burkina Faso"},"geometry":{"type":"Point","coordinates":[-2.001,13.454]}},{"type":"Feature","properties":{"weight":2.2,"date":"2026-08-19","country":"Burkina Faso"},"geometry":{"type":"Point","coordinates":[-2.402,13.657]}},{"type":"Feature","properties":{"weight":1.95,"date":"2026-08-20","country":"Burkina Faso"},"geometry":{"type":"Point","coordinates":[-3.473,12.472]}},{"type":"Feature","properties":{"weight":2.2,"date":"2026-08-20","country":"Burkina Faso"},"geometry":{"type":"Point","coordinates":[-2.067,13.767]}},{"type":"Feature","properties":{"weight":2.4,"date":"2026-08-23","country":"Burkina Faso"},"geometry":{"type":"Point","coordinates":[-1.734,13.431]}},{"type":"Feature","properties":{"weight":1.6,"date":"2026-08-23","country":"Burkina Faso"},"geometry":{"type":"Point","coordinates":[-3.449,9.961]}},{"type":"Feature","properties":{"weight":1.0,"date":"2026-08-23","country":"Burkina Faso"},"geometry":{"type":"Point","coordinates":[-0.13,12.785]}},{"type":"Feature","properties":{"weight":1.0,"date":"2026-08-23","country":"Burkina Faso"},"geometry":{"type":"Point","coordinates":[-1.591,13.409]}},{"type":"Feature","properties":{"weight":1.0,"date":"2026-08-23","country":"Burkina Faso"},"geometry":{"type":"Point","coordinates":[-1.853,14.207]}},{"type":"Feature","properties":{"weight":1.0,"date":"2026-08-23","country":"Burkina Faso"},"geometry":{"type":"Point","coordinates":[-1.608,13.832]}},{"type":"Feature","properties":{"weight":1.0,"date":"2026-08-23","country":"Burkina Faso"},"geometry":{"type":"Point","coordinates":[-3.429,12.461]}},{"type":"Feature","properties":{"weight":1.0,"date":"2026-08-23","country":"Burkina Faso"},"geometry":{"type":"Point","coordinates":[-2.375,13.668]}},{"type":"Feature","properties":{"weight":1.6,"date":"2026-08-24","country":"Burkina Faso"},"geometry":{"type":"Point","coordinates":[-1.723,13.287]}},{"type":"Feature","properties":{"weight":2.4,"date":"2026-08-24","country":"Burkina Faso"},"geometry":{"type":"Point","coordinates":[-2.914,13.312]}},{"type":"Feature","properties":{"weight":1.6,"date":"2026-08-24","country":"Burkina Faso"},"geometry":{"type":"Point","coordinates":[-2.849,13.438]}},{"type":"Feature","properties":{"weight":3.16,"date":"2026-08-25","country":"Burkina Faso"},"geometry":{"type":"Point","coordinates":[-3.473,12.472]}},{"type":"Feature","properties":{"weight":2.4,"date":"2026-08-26","country":"Burkina Faso"},"geometry":{"type":"Point","coordinates":[-0.342,12.721]}},{"type":"Feature","properties":{"weight":1.0,"date":"2026-08-26","country":"Burkina Faso"},"geometry":{"type":"Point","coordinates":[-2.251,13.68]}},{"type":"Feature","properties":{"weight":1.95,"date":"2026-08-28","country":"Burkina Faso"},"geometry":{"type":"Point","coordinates":[-2.114,14.122]}},{"type":"Feature","properties":{"weight":1.0,"date":"2026-08-29","country":"Burkina Faso"},"geometry":{"type":"Point","coordinates":[-5.0,11.417]}},{"type":"Feature","properties":{"weight":1.0,"date":"2026-08-30","country":"Burkina Faso"},"geometry":{"type":"Point","coordinates":[-1.157,13.889]}},{"type":"Feature","properties":{"weight":1.0,"date":"2026-08-31","country":"Burkina Faso"},"geometry":{"type":"Point","coordinates":[-2.508,13.528]}},{"type":"Feature","properties":{"weight":2.2,"date":"2026-08-17","country":"Burkina Faso"},"geometry":{"type":"Point","coordinates":[-0.256,14.77]}},{"type":"Feature","properties":{"weight":1.6,"date":"2026-08-08","country":"Burundi"},"geometry":{"type":"Point","coordinates":[30.032,-2.836]}},{"type":"Feature","properties":{"weight":1.6,"date":"2026-08-18","country":"Burundi"},"geometry":{"type":"Point","coordinates":[29.404,-3.171]}},{"type":"Feature","properties":{"weight":1.6,"date":"2026-08-25","country":"Burundi"},"geometry":{"type":"Point","coordinates":[29.947,-3.252]}},{"type":"Feature","properties":{"weight":1.6,"date":"2026-08-09","country":"Burundi"},"geometry":{"type":"Point","coordinates":[30.51,-3.451]}},{"type":"Feature","properties":{"weight":1.95,"date":"2026-08-14","country":"Cameroon"},"geometry":{"type":"Point","coordinates":[9.3,5.2]}},{"type":"Feature","properties":{"weight":2.91,"date":"2026-08-07","country":"Cameroon"},"geometry":{"type":"Point","coordinates":[14.355,11.272]}},{"type":"Feature","properties":{"weight":1.6,"date":"2026-08-05","country":"Cameroon"},"geometry":{"type":"Point","coordinates":[14.06,11.132]}},{"type":"Feature","properties":{"weight":2.2,"date":"2026-08-23","country":"Cameroon"},"geometry":{"type":"Point","coordinates":[14.036,11.102]}},{"type":"Feature","properties":{"weight":1.95,"date":"2026-08-24","country":"Cameroon"},"geometry":{"type":"Point","coordinates":[13.937,10.914]}},{"type":"Feature","properties":{"weight":1.6,"date":"2026-08-01","country":"Cameroon"},"geometry":{"type":"Point","coordinates":[13.941,11.003]}},{"type":"Feature","properties":{"weight":1.6,"date":"2026-08-13","country":"Cameroon"},"geometry":{"type":"Point","coordinates":[14.107,11.201]}},{"type":"Feature","properties":{"weight":1.6,"date":"2026-08-25","country":"Cameroon"},"geometry":{"type":"Point","coordinates":[13.718,10.937]}},{"type":"Feature","properties":{"weight":1.6,"date":"2026-07-28","country":"Cameroon"},"geometry":{"type":"Point","coordinates":[10.07,6.086]}},{"type":"Feature","properties":{"weight":2.4,"date":"2026-08-02","country":"Cameroon"},"geometry":{"type":"Point","coordinates":[9.771,5.872]}},{"type":"Feature","properties":{"weight":1.95,"date":"2026-08-08","country":"Cameroon"},"geometry":{"type":"Point","coordinates":[9.307,4.17]}},{"type":"Feature","properties":{"weight":2.2,"date":"2026-08-08","country":"Cameroon"},"geometry":{"type":"Point","coordinates":[10.361,5.981]}},{"type":"Feature","properties":{"weight":1.6,"date":"2026-08-10","country":"Cameroon"},"geometry":{"type":"Point","coordinates":[9.241,4.153]}},{"type":"Feature","properties":{"weight":1.95,"date":"2026-08-29","country":"Cameroon"},"geometry":{"type":"Point","coordinates":[9.107,4.535]}},{"type":"Feature","properties":{"weight":1.6,"date":"2026-08-28","country":"Cameroon"},"geometry":{"type":"Point","coordinates":[10.75,6.25]}},{"type":"Feature","properties":{"weight":1.6,"date":"2026-08-20","country":"Central African Republic"},"geometry":{"type":"Point","coordinates":[15.593,5.933]}},{"type":"Feature","properties":{"weight":1.6,"date":"2026-08-17","country":"Central African Republic"},"geometry":{"type":"Point","coordinates":[23.0,7.0]}},{"type":"Feature","properties":{"weight":1.95,"date":"2026-07-30","country":"Central African Republic"},"geometry":{"type":"Point","coordinates":[18.7,4.957]}},{"type":"Feature","properties":{"weight":1.6,"date":"2026-08-05","country":"Central African Republic"},"geometry":{"type":"Point","coordinates":[22.75,10.333]}},{"type":"Feature","properties":{"weight":2.69,"date":"2026-08-09","country":"Central African Republic"},"geometry":{"type":"Point","coordinates":[18.117,7.85]}},{"type":"Feature","properties":{"weight":1.95,"date":"2026-08-05","country":"Central African Republic"},"geometry":{"type":"Point","coordinates":[22.75,10.333]}},{"type":"Feature","properties":{"weight":2.69,"date":"2026-08-20","country":"Chad"},"geometry":{"type":"Point","coordinates":[19.697,13.295]}},{"type":"Feature","properties":{"weight":3.08,"date":"2026-08-21","country":"Chad"},"geometry":{"type":"Point","coordinates":[19.697,13.295]}},{"type":"Feature","properties":{"weight":1.6,"date":"2026-08-02","country":"Chile"},"geometry":{"type":"Point","coordinates":[-70.7,-33.592]}},{"type":"Feature","properties":{"weight":1.6,"date":"2026-08-15","country":"Chile"},"geometry":{"type":"Point","coordinates":[-70.648,-33.457]}},{"type":"Feature","properties":{"weight":1.95,"date":"2026-08-01","country":"Colombia"},"geometry":{"type":"Point","coordinates":[-75.605,3.398]}},{"type":"Feature","properties":{"weight":1.6,"date":"2026-08-07","country":"Colombia"},"geometry":{"type":"Point","coordinates":[-73.515,9.291]}},{"type":"Feature","properties":{"weight":2.4,"date":"2026-08-09","country":"Colombia"},"geometry":{"type":"Point","coordinates":[-71.95,3.097]}},{"type":"Feature","properties":{"weight":1.95,"date":"2026-08-12","country":"Colombia"},"geometry":{"type":"Point","coordinates":[-75.256,2.565]}},{"type":"Feature","properties":{"weight":1.6,"date":"2026-08-13","country":"Colombia"},"geometry":{"type":"Point","coordinates":[-75.599,6.185]}},{"type":"Feature","properties":{"weight":1.6,"date":"2026-08-14","country":"Colombia"},"geometry":{"type":"Point","coordinates":[-73.448,8.511]}},{"type":"Feature","properties":{"weight":1.95,"date":"2026-08-14","country":"Colombia"},"geometry":{"type":"Point","coordinates":[-75.696,4.813]}},{"type":"Feature","properties":{"weight":1.95,"date":"2026-08-15","country":"Colombia"},"geometry":{"type":"Point","coordinates":[-77.031,3.88]}},{"type":"Feature","properties":{"weight":1.6,"date":"2026-08-21","country":"Colombia"},"geometry":{"type":"Point","coordinates":[-75.25,4.0]}},{"type":"Feature","properties":{"weight":1.6,"date":"2026-08-23","country":"Colombia"},"geometry":{"type":"Point","coordinates":[-74.615,10.435]}},{"type":"Feature","properties":{"weight":1.6,"date":"2026-08-26","country":"Colombia"},"geometry":{"type":"Point","coordinates":[-74.063,4.649]}},{"type":"Feature","properties":{"weight":1.6,"date":"2026-08-26","country":"Colombia"},"geometry":{"type":"Point","coordinates":[-76.667,2.917]}},{"type":"Feature","properties":{"weight":1.95,"date":"2026-08-28","country":"Colombia"},"geometry":{"type":"Point","coordinates":[-76.702,1.096]}},{"type":"Feature","properties":{"weight":1.6,"date":"2026-08-28","country":"Colombia"},"geometry":{"type":"Point","coordinates":[-73.855,7.065]}},{"type":"Feature","properties":{"weight":2.91,"date":"2026-08-30","country":"Colombia"},"geometry":{"type":"Point","coordinates":[-71.952,1.209]}},{"type":"Feature","properties":{"weight":1.6,"date":"2026-08-31","country":"Colombia"},"geometry":{"type":"Point","coordinates":[-72.508,7.894]}},{"type":"Feature","properties":{"weight":1.6,"date":"2026-04-24","country":"Colombia"},"geometry":{"type":"Point","coordinates":[-74.765,10.918]}},{"type":"Feature","properties":{"weight":1.6,"date":"2026-08-01","country":"Colombia"},"geometry":{"type":"Point","coordinates":[-75.75,4.833]}},{"type":"Feature","properties":{"weight":1.6,"date":"2026-08-01","country":"Colombia"},"geometry":{"type":"Point","coordinates":[-74.765,10.918]}},{"type":"Feature","properties":{"weight":1.6,"date":"2026-08-01","country":"Colombia"},"geometry":{"type":"Point","coordinates":[-74.796,10.964]}},{"type":"Feature","properties":{"weight":1.6,"date":"2026-08-01","country":"Colombia"},"geometry":{"type":"Point","coordinates":[-74.796,10.964]}},{"type":"Feature","properties":{"weight":1.95,"date":"2026-08-01","country":"Colombia"},"geometry":{"type":"Point","coordinates":[-76.034,1.918]}},{"type":"Feature","properties":{"weight":2.2,"date":"2026-08-01","country":"Colombia"},"geometry":{"type":"Point","coordinates":[-75.509,7.05]}},{"type":"Feature","properties":{"weight":1.6,"date":"2026-08-01","country":"Colombia"},"geometry":{"type":"Point","coordinates":[-73.754,8.19]}},{"type":"Feature","properties":{"weight":1.6,"date":"2026-08-02","country":"Colombia"},"geometry":{"type":"Point","coordinates":[-75.407,6.297]}},{"type":"Feature","properties":{"weight":2.2,"date":"2026-08-02","country":"Colombia"},"geometry":{"type":"Point","coordinates":[-74.796,10.964]}},{"type":"Feature","properties":{"weight":1.6,"date":"2026-08-02","country":"Colombia"},"geometry":{"type":"Point","coordinates":[-74.765,10.918]}},{"type":"Feature","properties":{"weight":1.6,"date":"2026-08-02","country":"Colombia"},"geometry":{"type":"Point","coordinates":[-74.765,10.918]}},{"type":"Feature","properties":{"weight":1.6,"date":"2026-08-03","country":"Colombia"},"geometry":{"type":"Point","coordinates":[-74.796,10.964]}},{"type":"Feature","properties":{"weight":1.6,"date":"2026-08-03","country":"Colombia"},"geometry":{"type":"Point","coordinates":[-75.696,4.813]}},{"type":"Feature","properties":{"weight":1.6,"date":"2026-08-04","country":"Colombia"},"geometry":{"type":"Point","coordinates":[-74.796,10.964]}},{"type":"Feature","properties":{"weight":1.6,"date":"2026-08-05","country":"Colombia"},"geometry":{"type":"Point","coordinates":[-74.796,10.964]}},{"type":"Feature","properties":{"weight":1.6,"date":"2026-08-05","country":"Colombia"},"geometry":{"type":"Point","coordinates":[-74.796,10.964]}},{"type":"Feature","properties":{"weight":1.6,"date":"2026-08-05","country":"Colombia"},"geometry":{"type":"Point","coordinates":[-75.5,7.0]}},{"type":"Feature","properties":{"weight":1.6,"date":"2026-08-06","country":"Colombia"},"geometry":{"type":"Point","coordinates":[-74.169,10.874]}},{"type":"Feature","properties":{"weight":1.6,"date":"2026-08-07","country":"Colombia"},"geometry":{"type":"Point","coordinates":[-74.615,10.435]}},{"type":"Feature","properties":{"weight":1.6,"date":"2026-08-07","country":"Colombia"},"geometry":{"type":"Point","coordinates":[-74.199,11.241]}},{"type":"Feature","properties":{"weight":1.6,"date":"2026-08-07","country":"Colombia"},"geometry":{"type":"Point","coordinates":[-74.774,10.86]}},{"type":"Feature","properties":{"weight":1.6,"date":"2026-08-07","country":"Colombia"},"geometry":{"type":"Point","coordinates":[-74.796,10.964]}},{"type":"Feature","properties":{"weight":1.6,"date":"2026-08-08","country":"Colombia"},"geometry":{"type":"Point","coordinates":[-74.796,10.964]}},{"type":"Feature","properties":{"weight":1.6,"date":"2026-08-08","country":"Colombia"},"geometry":{"type":"Point","coordinates":[-75.282,2.927]}},{"type":"Feature","properties":{"weight":1.6,"date":"2026-08-09","country":"Colombia"},"geometry":{"type":"Point","coordinates":[-76.051,1.854]}},{"type":"Feature","properties":{"weight":1.6,"date":"2026-08-09","country":"Colombia"},"geometry":{"type":"Point","coordinates":[-74.837,10.86]}},{"type":"Feature","properties":{"weight":1.6,"date":"2026-08-09","country":"Colombia"},"geometry":{"type":"Point","coordinates":[-74.765,10.918]}},{"type":"Feature","properties":{"weight":1.6,"date":"2026-08-09","country":"Colombia"},"geometry":{"type":"Point","coordinates":[-74.765,10.918]}},{"type":"Feature","properties":{"weight":1.6,"date":"2026-08-09","country":"Colombia"},"geometry":{"type":"Point","coordinates":[-74.796,10.964]}},{"type":"Feature","properties":{"weight":1.6,"date":"2026-08-09","country":"Colombia"},"geometry":{"type":"Point","coordinates":[-74.199,11.241]}},{"type":"Feature","properties":{"weight":1.6,"date":"2026-08-09","country":"Colombia"},"geometry":{"type":"Point","coordinates":[-74.481,9.276]}},{"type":"Feature","properties":{"weight":1.6,"date":"2026-08-09","country":"Colombia"},"geometry":{"type":"Point","coordinates":[-72.601,7.932]}},{"type":"Feature","properties":{"weight":1.6,"date":"2026-08-10","country":"Colombia"},"geometry":{"type":"Point","coordinates":[-72.571,8.138]}},{"type":"Feature","properties":{"weight":1.6,"date":"2026-08-10","country":"Colombia"},"geometry":{"type":"Point","coordinates":[-74.952,10.993]}},{"type":"Feature","properties":{"weight":1.6,"date":"2026-08-10","country":"Colombia"},"geometry":{"type":"Point","coordinates":[-75.995,4.797]}},{"type":"Feature","properties":{"weight":1.6,"date":"2026-08-11","country":"Colombia"},"geometry":{"type":"Point","coordinates":[-73.97,10.195]}},{"type":"Feature","properties":{"weight":1.6,"date":"2026-08-11","country":"Colombia"},"geometry":{"type":"Point","coordinates":[-74.796,10.964]}},{"type":"Feature","properties":{"weight":1.6,"date":"2026-08-11","country":"Colombia"},"geometry":{"type":"Point","coordinates":[-77.031,3.88]}},{"type":"Feature","properties":{"weight":1.6,"date":"2026-08-12","country":"Colombia"},"geometry":{"type":"Point","coordinates":[-74.796,10.964]}},{"type":"Feature","properties":{"weight":1.6,"date":"2026-08-12","country":"Colombia"},"geometry":{"type":"Point","coordinates":[-74.765,10.918]}},{"type":"Feature","properties":{"weight":1.6,"date":"2026-08-12","country":"Colombia"},"geometry":{"type":"Point","coordinates":[-75.667,4.839]}},{"type":"Feature","properties":{"weight":1.6,"date":"2026-08-12","country":"Colombia"},"geometry":{"type":"Point","coordinates":[-75.912,4.746]}},{"type":"Feature","properties":{"weight":1.6,"date":"2026-08-12","country":"Colombia"},"geometry":{"type":"Point","coordinates":[-72.513,7.895]}},{"type":"Feature","properties":{"weight":1.6,"date":"2026-08-13","country":"Colombia"},"geometry":{"type":"Point","coordinates":[-74.774,10.86]}},{"type":"Feature","properties":{"weight":1.6,"date":"2026-08-13","country":"Colombia"},"geometry":{"type":"Point","coordinates":[-74.765,10.918]}},{"type":"Feature","properties":{"weight":1.6,"date":"2026-08-13","country":"Colombia"},"geometry":{"type":"Point","coordinates":[-74.199,11.241]}},{"type":"Feature","properties":{"weight":1.6,"date":"2026-08-14","country":"Colombia"},"geometry":{"type":"Point","coordinates":[-74.214,11.085]}},{"type":"Feature","properties":{"weight":1.6,"date":"2026-08-14","country":"Colombia"},"geometry":{"type":"Point","coordinates":[-75.514,10.4]}},{"type":"Feature","properties":{"weight":1.6,"date":"2026-08-14","country":"Colombia"},"geometry":{"type":"Point","coordinates":[-73.253,10.463]}},{"type":"Feature","properties":{"weight":1.6,"date":"2026-08-14","country":"Colombia"},"geometry":{"type":"Point","coordinates":[-74.796,10.964]}},{"type":"Feature","properties":{"weight":1.6,"date":"2026-08-14","country":"Colombia"},"geometry":{"type":"Point","coordinates":[-74.796,10.964]}},{"type":"Feature","properties":{"weight":1.6,"date":"2026-08-14","country":"Colombia"},"geometry":{"type":"Point","coordinates":[-74.796,10.964]}},{"type":"Feature","properties":{"weight":1.6,"date":"2026-08-14","country":"Colombia"},"geometry":{"type":"Point","coordinates":[-74.796,10.964]}},{"type":"Feature","properties":{"weight":1.95,"date":"2026-08-14","country":"Colombia"},"geometry":{"type":"Point","coordinates":[-74.765,10.918]}},{"type":"Feature","properties":{"weight":1.6,"date":"2026-08-14","country":"Colombia"},"geometry":{"type":"Point","coordinates":[-72.508,7.894]}},{"type":"Feature","properties":{"weight":1.6,"date":"2026-08-14","country":"Colombia"},"geometry":{"type":"Point","coordinates":[-72.508,7.894]}},{"type":"Feature","properties":{"weight":1.6,"date":"2026-08-15","country":"Colombia"},"geometry":{"type":"Point","coordinates":[-72.508,7.894]}},{"type":"Feature","properties":{"weight":2.4,"date":"2026-08-15","country":"Colombia"},"geometry":{"type":"Point","coordinates":[-72.508,7.894]}},{"type":"Feature","properties":{"weight":1.6,"date":"2026-08-15","country":"Colombia"},"geometry":{"type":"Point","coordinates":[-74.796,10.964]}},{"type":"Feature","properties":{"weight":1.6,"date":"2026-08-15","country":"Colombia"},"geometry":{"type":"Point","coordinates":[-74.796,10.964]}},{"type":"Feature","properties":{"weight":1.6,"date":"2026-08-16","country":"Colombia"},"geometry":{"type":"Point","coordinates":[-74.796,10.964]}},{"type":"Feature","properties":{"weight":1.6,"date":"2026-08-16","country":"Colombia"},"geometry":{"type":"Point","coordinates":[-74.796,10.964]}},{"type":"Feature","properties":{"weight":1.6,"date":"2026-08-16","country":"Colombia"},"geometry":{"type":"Point","coordinates":[-74.765,10.918]}},{"type":"Feature","properties":{"weight":1.6,"date":"2026-08-16","country":"Colombia"},"geometry":{"type":"Point","coordinates":[-74.765,10.918]}},{"type":"Feature","properties":{"weight":1.6,"date":"2026-08-16","country":"Colombia"},"geometry":{"type":"Point","coordinates":[-74.796,10.964]}},{"type":"Feature","properties":{"weight":1.6,"date":"2026-08-16","country":"Colombia"},"geometry":{"type":"Point","coordinates":[-75.604,4.822]}},{"type":"Feature","properties":{"weight":1.6,"date":"2026-08-16","country":"Colombia"},"geometry":{"type":"Point","coordinates":[-75.608,6.346]}},{"type":"Feature","properties":{"weight":1.6,"date":"2026-08-16","country":"Colombia"},"geometry":{"type":"Point","coordinates":[-74.087,11.203]}},{"type":"Feature","properties":{"weight":1.6,"date":"2026-08-17","country":"Colombia"},"geometry":{"type":"Point","coordinates":[-74.199,11.241]}},{"type":"Feature","properties":{"weight":1.6,"date":"2026-08-17","country":"Colombia"},"geometry":{"type":"Point","coordinates":[-74.765,10.918]}},{"type":"Feature","properties":{"weight":1.6,"date":"2026-08-17","country":"Colombia"},"geometry":{"type":"Point","coordinates":[-74.796,10.964]}},{"type":"Feature","properties":{"weight":1.6,"date":"2026-08-17","country":"Colombia"},"geometry":{"type":"Point","coordinates":[-72.474,7.834]}},{"type":"Feature","properties":{"weight":1.95,"date":"2026-08-18","country":"Colombia"},"geometry":{"type":"Point","coordinates":[-72.645,8.496]}},{"type":"Feature","properties":{"weight":1.6,"date":"2026-08-18","country":"Colombia"},"geometry":{"type":"Point","coordinates":[-74.765,10.918]}},{"type":"Feature","properties":{"weight":1.6,"date":"2026-08-18","country":"Colombia"},"geometry":{"type":"Point","coordinates":[-74.853,10.777]}},{"type":"Feature","properties":{"weight":1.6,"date":"2026-08-18","country":"Colombia"},"geometry":{"type":"Point","coordinates":[-74.765,10.918]}},{"type":"Feature","properties":{"weight":1.6,"date":"2026-08-18","country":"Colombia"},"geometry":{"type":"Point","coordinates":[-75.564,6.252]}},{"type":"Feature","properties":{"weight":1.6,"date":"2026-08-18","country":"Colombia"},"geometry":{"type":"Point","coordinates":[-75.558,6.337]}},{"type":"Feature","properties":{"weight":1.6,"date":"2026-08-19","country":"Colombia"},"geometry":{"type":"Point","coordinates":[-74.23,9.85]}},{"type":"Feature","properties":{"weight":1.6,"date":"2026-08-19","country":"Colombia"},"geometry":{"type":"Point","coordinates":[-74.744,3.675]}},{"type":"Feature","properties":{"weight":1.6,"date":"2026-08-19","country":"Colombia"},"geometry":{"type":"Point","coordinates":[-74.796,10.964]}},{"type":"Feature","properties":{"weight":1.6,"date":"2026-08-19","country":"Colombia"},"geometry":{"type":"Point","coordinates":[-74.796,10.964]}},{"type":"Feature","properties":{"weight":1.6,"date":"2026-08-19","country":"Colombia"},"geometry":{"type":"Point","coordinates":[-72.462,7.914]}},{"type":"Feature","properties":{"weight":1.6,"date":"2026-08-20","country":"Colombia"},"geometry":{"type":"Point","coordinates":[-74.796,10.964]}},{"type":"Feature","properties":{"weight":1.6,"date":"2026-08-20","country":"Colombia"},"geometry":{"type":"Point","coordinates":[-74.062,10.186]}},{"type":"Feature","properties":{"weight":1.6,"date":"2026-08-20","country":"Colombia"},"geometry":{"type":"Point","coordinates":[-75.696,4.813]}},{"type":"Feature","properties":{"weight":1.6,"date":"2026-08-20","country":"Colombia"},"geometry":{"type":"Point","coordinates":[-75.696,4.813]}},{"type":"Feature","properties":{"weight":2.2,"date":"2026-08-20","country":"Colombia"},"geometry":{"type":"Point","coordinates":[-74.796,10.964]}},{"type":"Feature","properties":{"weight":1.6,"date":"2026-08-21","country":"Colombia"},"geometry":{"type":"Point","coordinates":[-75.514,10.4]}},{"type":"Feature","properties":{"weight":1.6,"date":"2026-08-21","country":"Colombia"},"geometry":{"type":"Point","coordinates":[-75.696,4.813]}},{"type":"Feature","properties":{"weight":1.6,"date":"2026-08-21","country":"Colombia"},"geometry":{"type":"Point","coordinates":[-75.564,6.252]}},{"type":"Feature","properties":{"weight":1.6,"date":"2026-08-22","country":"Colombia"},"geometry":{"type":"Point","coordinates":[-74.796,10.964]}},{"type":"Feature","properties":{"weight":1.6,"date":"2026-08-22","country":"Colombia"},"geometry":{"type":"Point","coordinates":[-75.912,4.746]}},{"type":"Feature","properties":{"weight":1.6,"date":"2026-08-22","country":"Colombia"},"geometry":{"type":"Point","coordinates":[-72.508,7.894]}},{"type":"Feature","properties":{"weight":1.6,"date":"2026-08-23","country":"Colombia"},"geometry":{"type":"Point","coordinates":[-72.508,7.894]}},{"type":"Feature","properties":{"weight":1.6,"date":"2026-08-23","country":"Colombia"},"geometry":{"type":"Point","coordinates":[-75.677,2.016]}},{"type":"Feature","properties":{"weight":1.6,"date":"2026-08-23","country":"Colombia"},"geometry":{"type":"Point","coordinates":[-75.805,4.737]}},{"type":"Feature","properties":{"weight":1.6,"date":"2026-08-23","country":"Colombia"},"geometry":{"type":"Point","coordinates":[-75.869,5.201]}},{"type":"Feature","properties":{"weight":1.6,"date":"2026-08-23","country":"Colombia"},"geometry":{"type":"Point","coordinates":[-75.626,4.872]}},{"type":"Feature","properties":{"weight":1.6,"date":"2026-08-23","country":"Colombia"},"geometry":{"type":"Point","coordinates":[-74.185,10.521]}},{"type":"Feature","properties":{"weight":1.6,"date":"2026-08-23","country":"Colombia"},"geometry":{"type":"Point","coordinates":[-74.157,10.764]}},{"type":"Feature","properties":{"weight":1.6,"date":"2026-08-23","country":"Colombia"},"geometry":{"type":"Point","coordinates":[-74.796,10.964]}},{"type":"Feature","properties":{"weight":1.6,"date":"2026-08-23","country":"Colombia"},"geometry":{"type":"Point","coordinates":[-74.846,7.329]}},{"type":"Feature","properties":{"weight":1.6,"date":"2026-08-23","country":"Colombia"},"geometry":{"type":"Point","coordinates":[-74.199,11.241]}},{"type":"Feature","properties":{"weight":1.6,"date":"2026-08-23","country":"Colombia"},"geometry":{"type":"Point","coordinates":[-74.078,8.956]}},{"type":"Feature","properties":{"weight":1.6,"date":"2026-08-24","country":"Colombia"},"geometry":{"type":"Point","coordinates":[-74.199,11.241]}},{"type":"Feature","properties":{"weight":1.95,"date":"2026-08-24","country":"Colombia"},"geometry":{"type":"Point","coordinates":[-74.796,10.964]}},{"type":"Feature","properties":{"weight":1.6,"date":"2026-08-24","country":"Colombia"},"geometry":{"type":"Point","coordinates":[-74.063,4.649]}},{"type":"Feature","properties":{"weight":1.6,"date":"2026-08-24","country":"Colombia"},"geometry":{"type":"Point","coordinates":[-75.995,4.797]}},{"type":"Feature","properties":{"weight":1.6,"date":"2026-08-24","country":"Colombia"},"geometry":{"type":"Point","coordinates":[-75.912,4.746]}},{"type":"Feature","properties":{"weight":1.6,"date":"2026-08-24","country":"Colombia"},"geometry":{"type":"Point","coordinates":[-76.091,4.819]}},{"type":"Feature","properties":{"weight":1.6,"date":"2026-08-25","country":"Colombia"},"geometry":{"type":"Point","coordinates":[-75.696,4.813]}},{"type":"Feature","properties":{"weight":1.95,"date":"2026-08-25","country":"Colombia"},"geometry":{"type":"Point","coordinates":[-75.912,4.746]}},{"type":"Feature","properties":{"weight":1.6,"date":"2026-08-25","country":"Colombia"},"geometry":{"type":"Point","coordinates":[-75.626,4.872]}},{"type":"Feature","properties":{"weight":1.6,"date":"2026-08-25","country":"Colombia"},"geometry":{"type":"Point","coordinates":[-74.765,10.918]}},{"type":"Feature","properties":{"weight":1.6,"date":"2026-08-26","country":"Colombia"},"geometry":{"type":"Point","coordinates":[-74.765,10.918]}},{"type":"Feature","properties":{"weight":1.6,"date":"2026-08-26","country":"Colombia"},"geometry":{"type":"Point","coordinates":[-74.765,10.918]}},{"type":"Feature","properties":{"weight":1.6,"date":"2026-08-26","country":"Colombia"},"geometry":{"type":"Point","coordinates":[-75.564,6.252]}},{"type":"Feature","properties":{"weight":1.6,"date":"2026-08-26","country":"Colombia"},"geometry":{"type":"Point","coordinates":[-74.869,10.326]}},{"type":"Feature","properties":{"weight":1.6,"date":"2026-08-26","country":"Colombia"},"geometry":{"type":"Point","coordinates":[-75.696,4.813]}},{"type":"Feature","properties":{"weight":1.6,"date":"2026-08-26","country":"Colombia"},"geometry":{"type":"Point","coordinates":[-75.782,4.675]}},{"type":"Feature","properties":{"weight":1.6,"date":"2026-08-26","country":"Colombia"},"geometry":{"type":"Point","coordinates":[-74.199,11.241]}},{"type":"Feature","properties":{"weight":1.95,"date":"2026-08-26","country":"Colombia"},"geometry":{"type":"Point","coordinates":[-72.508,7.894]}},{"type":"Feature","properties":{"weight":1.6,"date":"2026-08-27","country":"Colombia"},"geometry":{"type":"Point","coordinates":[-76.123,1.821]}},{"type":"Feature","properties":{"weight":1.6,"date":"2026-08-27","country":"Colombia"},"geometry":{"type":"Point","coordinates":[-75.282,2.927]}},{"type":"Feature","properties":{"weight":1.6,"date":"2026-08-27","country":"Colombia"},"geometry":{"type":"Point","coordinates":[-75.782,4.675]}},{"type":"Feature","properties":{"weight":1.6,"date":"2026-08-27","country":"Colombia"},"geometry":{"type":"Point","coordinates":[-75.916,5.612]}},{"type":"Feature","properties":{"weight":1.95,"date":"2026-08-28","country":"Colombia"},"geometry":{"type":"Point","coordinates":[-75.5,10.417]}},{"type":"Feature","properties":{"weight":1.6,"date":"2026-08-29","country":"Colombia"},"geometry":{"type":"Point","coordinates":[-74.796,10.964]}},{"type":"Feature","properties":{"weight":1.6,"date":"2026-08-29","country":"Colombia"},"geometry":{"type":"Point","coordinates":[-74.796,10.964]}},{"type":"Feature","properties":{"weight":1.6,"date":"2026-08-30","country":"Colombia"},"geometry":{"type":"Point","coordinates":[-74.765,10.918]}},{"type":"Feature","properties":{"weight":1.6,"date":"2026-08-30","country":"Colombia"},"geometry":{"type":"Point","coordinates":[-74.199,11.241]}},{"type":"Feature","properties":{"weight":1.6,"date":"2026-08-30","country":"Colombia"},"geometry":{"type":"Point","coordinates":[-75.5,3.0]}},{"type":"Feature","properties":{"weight":1.6,"date":"2026-08-31","country":"Colombia"},"geometry":{"type":"Point","coordinates":[-74.199,11.241]}},{"type":"Feature","properties":{"weight":1.6,"date":"2026-08-01","country":"Colombia"},"geometry":{"type":"Point","coordinates":[-72.508,7.894]}},{"type":"Feature","properties":{"weight":1.95,"date":"2026-08-09","country":"Colombia"},"geometry":{"type":"Point","coordinates":[-73.218,7.113]}},{"type":"Feature","properties":{"weight":1.95,"date":"2026-08-10","country":"Colombia"},"geometry":{"type":"Point","coordinates":[-73.053,8.654]}},{"type":"Feature","properties":{"weight":1.95,"date":"2026-08-11","country":"Colombia"},"geometry":{"type":"Point","coordinates":[-73.166,8.442]}},{"type":"Feature","properties":{"weight":1.6,"date":"2026-08-15","country":"Colombia"},"geometry":{"type":"Point","coordinates":[-73.221,8.081]}},{"type":"Feature","properties":{"weight":1.6,"date":"2026-08-02","country":"Colombia"},"geometry":{"type":"Point","coordinates":[-76.101,4.802]}},{"type":"Feature","properties":{"weight":1.6,"date":"2026-08-03","country":"Colombia"},"geometry":{"type":"Point","coordinates":[-75.583,6.167]}},{"type":"Feature","properties":{"weight":1.6,"date":"2026-08-04","country":"Colombia"},"geometry":{"type":"Point","coordinates":[-73.356,8.238]}},{"type":"Feature","properties":{"weight":1.6,"date":"2026-08-04","country":"Colombia"},"geometry":{"type":"Point","coordinates":[-74.774,10.86]}},{"type":"Feature","properties":{"weight":1.6,"date":"2026-08-04","country":"Colombia"},"geometry":{"type":"Point","coordinates":[-74.765,10.918]}},{"type":"Feature","properties":{"weight":1.6,"date":"2026-08-05","country":"Colombia"},"geometry":{"type":"Point","coordinates":[-74.227,11.156]}},{"type":"Feature","properties":{"weight":1.6,"date":"2026-08-11","country":"Colombia"},"geometry":{"type":"Point","coordinates":[-74.248,11.007]}},{"type":"Feature","properties":{"weight":1.6,"date":"2026-08-11","country":"Colombia"},"geometry":{"type":"Point","coordinates":[-74.765,10.918]}},{"type":"Feature","properties":{"weight":1.6,"date":"2026-08-12","country":"Colombia"},"geometry":{"type":"Point","coordinates":[-74.765,10.918]}},{"type":"Feature","properties":{"weight":1.6,"date":"2026-08-15","country":"Colombia"},"geometry":{"type":"Point","coordinates":[-73.253,10.463]}},{"type":"Feature","properties":{"weight":1.6,"date":"2026-08-15","country":"Colombia"},"geometry":{"type":"Point","coordinates":[-73.229,7.37]}},{"type":"Feature","properties":{"weight":1.6,"date":"2026-08-16","country":"Colombia"},"geometry":{"type":"Point","coordinates":[-76.522,3.437]}},{"type":"Feature","properties":{"weight":1.6,"date":"2026-08-16","country":"Colombia"},"geometry":{"type":"Point","coordinates":[-74.765,10.918]}},{"type":"Feature","properties":{"weight":1.6,"date":"2026-08-16","country":"Colombia"},"geometry":{"type":"Point","coordinates":[-74.123,11.231]}},{"type":"Feature","properties":{"weight":1.6,"date":"2026-08-16","country":"Colombia"},"geometry":{"type":"Point","coordinates":[-76.783,2.784]}},{"type":"Feature","properties":{"weight":1.6,"date":"2026-08-18","country":"Colombia"},"geometry":{"type":"Point","coordinates":[-73.253,10.463]}},{"type":"Feature","properties":{"weight":2.2,"date":"2026-08-18","country":"Colombia"},"geometry":{"type":"Point","coordinates":[-76.522,3.437]}},{"type":"Feature","properties":{"weight":1.6,"date":"2026-08-19","country":"Colombia"},"geometry":{"type":"Point","coordinates":[-74.782,9.79]}},{"type":"Feature","properties":{"weight":1.6,"date":"2026-08-21","country":"Colombia"},"geometry":{"type":"Point","coordinates":[-74.796,10.964]}},{"type":"Feature","properties":{"weight":1.6,"date":"2026-08-24","country":"Colombia"},"geometry":{"type":"Point","coordinates":[-73.594,9.619]}},{"type":"Feature","properties":{"weight":1.6,"date":"2026-08-27","country":"Colombia"},"geometry":{"type":"Point","coordinates":[-73.888,9.971]}},{"type":"Feature","properties":{"weight":1.6,"date":"2026-08-27","country":"Colombia"},"geometry":{"type":"Point","coordinates":[-75.083,7.167]}},{"type":"Feature","properties":{"weight":1.6,"date":"2026-08-29","country":"Colombia"},"geometry":{"type":"Point","coordinates":[-77.667,1.417]}},{"type":"Feature","properties":{"weight":1.6,"date":"2026-08-30","country":"Colombia"},"geometry":{"type":"Point","coordinates":[-76.235,3.322]}},{"type":"Feature","properties":{"weight":1.95,"date":"2026-07-27","country":"Colombia"},"geometry":{"type":"Point","coordinates":[-75.705,6.371]}},{"type":"Feature","properties":{"weight":2.2,"date":"2026-07-27","country":"Colombia"},"geometry":{"type":"Point","coordinates":[-75.217,7.583]}},{"type":"Feature","properties":{"weight":1.6,"date":"2026-08-06","country":"Colombia"},"geometry":{"type":"Point","coordinates":[-73.519,9.393]}},{"type":"Feature","properties":{"weight":2.2,"date":"2026-08-23","country":"Colombia"},"geometry":{"type":"Point","coordinates":[-75.31,7.449]}},{"type":"Feature","properties":{"weight":1.6,"date":"2026-08-26","country":"Colombia"},"geometry":{"type":"Point","coordinates":[-75.822,5.59]}},{"type":"Feature","properties":{"weight":2.56,"date":"2026-08-09","country":"Colombia"},"geometry":{"type":"Point","coordinates":[-77.0,2.5]}},{"type":"Feature","properties":{"weight":1.6,"date":"2026-08-12","country":"Colombia"},"geometry":{"type":"Point","coordinates":[-76.583,3.167]}},{"type":"Feature","properties":{"weight":1.6,"date":"2026-08-01","country":"Colombia"},"geometry":{"type":"Point","coordinates":[-75.315,2.523]}},{"type":"Feature","properties":{"weight":1.6,"date":"2026-08-03","country":"Colombia"},"geometry":{"type":"Point","coordinates":[-76.021,3.723]}},{"type":"Feature","properties":{"weight":1.6,"date":"2026-08-07","country":"Colombia"},"geometry":{"type":"Point","coordinates":[-75.917,1.417]}},{"type":"Feature","properties":{"weight":2.2,"date":"2026-08-06","country":"Colombia"},"geometry":{"type":"Point","coordinates":[-75.417,5.75]}},{"type":"Feature","properties":{"weight":1.6,"date":"2026-08-06","country":"Colombia"},"geometry":{"type":"Point","coordinates":[-74.774,10.86]}},{"type":"Feature","properties":{"weight":1.95,"date":"2026-08-15","country":"Colombia"},"geometry":{"type":"Point","coordinates":[-74.765,10.918]}},{"type":"Feature","properties":{"weight":1.6,"date":"2026-08-18","country":"Colombia"},"geometry":{"type":"Point","coordinates":[-74.774,10.86]}},{"type":"Feature","properties":{"weight":1.6,"date":"2026-08-20","country":"Colombia"},"geometry":{"type":"Point","coordinates":[-74.886,10.9]}},{"type":"Feature","properties":{"weight":1.6,"date":"2026-08-23","country":"Colombia"},"geometry":{"type":"Point","coordinates":[-74.765,10.918]}},{"type":"Feature","properties":{"weight":1.6,"date":"2026-08-06","country":"Colombia"},"geometry":{"type":"Point","coordinates":[-73.17,7.068]}},{"type":"Feature","properties":{"weight":1.6,"date":"2026-08-10","country":"Colombia"},"geometry":{"type":"Point","coordinates":[-74.796,10.964]}},{"type":"Feature","properties":{"weight":3.08,"date":"2026-08-27","country":"Colombia"},"geometry":{"type":"Point","coordinates":[-71.576,1.926]}},{"type":"Feature","properties":{"weight":1.6,"date":"2026-08-03","country":"Colombia"},"geometry":{"type":"Point","coordinates":[-74.796,10.964]}},{"type":"Feature","properties":{"weight":1.6,"date":"2026-08-02","country":"Colombia"},"geometry":{"type":"Point","coordinates":[-76.235,3.322]}},{"type":"Feature","properties":{"weight":1.6,"date":"2026-08-30","country":"Colombia"},"geometry":{"type":"Point","coordinates":[-75.5,7.0]}},{"type":"Feature","properties":{"weight":2.2,"date":"2026-08-20","country":"Colombia"},"geometry":{"type":"Point","coordinates":[-74.796,10.964]}},{"type":"Feature","properties":{"weight":1.6,"date":"2026-08-21","country":"Colombia"},"geometry":{"type":"Point","coordinates":[-74.796,10.964]}},{"type":"Feature","properties":{"weight":1.6,"date":"2026-08-23","country":"Colombia"},"geometry":{"type":"Point","coordinates":[-74.774,10.86]}},{"type":"Feature","properties":{"weight":1.6,"date":"2026-08-24","country":"Colombia"},"geometry":{"type":"Point","coordinates":[-74.774,10.86]}},{"type":"Feature","properties":{"weight":1.6,"date":"2026-08-10","country":"DR Congo (Zaire)"},"geometry":{"type":"Point","coordinates":[16.583,-5.7]}},{"type":"Feature","properties":{"weight":4.16,"date":"2026-05-06","country":"DR Congo (Zaire)"},"geometry":{"type":"Point","coordinates":[29.2,1.0]}},{"type":"Feature","properties":{"weight":3.29,"date":"2026-08-07","country":"DR Congo (Zaire)"},"geometry":{"type":"Point","coordinates":[28.891,1.385]}},{"type":"Feature","properties":{"weight":1.6,"date":"2026-08-09","country":"DR Congo (Zaire)"},"geometry":{"type":"Point","coordinates":[29.036,1.362]}},{"type":"Feature","properties":{"weight":1.6,"date":"2026-08-09","country":"DR Congo (Zaire)"},"geometry":{"type":"Point","coordinates":[29.123,1.195]}},{"type":"Feature","properties":{"weight":2.2,"date":"2026-08-13","country":"DR Congo (Zaire)"},"geometry":{"type":"Point","coordinates":[29.05,1.35]}},{"type":"Feature","properties":{"weight":1.0,"date":"2026-08-15","country":"DR Congo (Zaire)"},"geometry":{"type":"Point","coordinates":[28.753,1.357]}},{"type":"Feature","properties":{"weight":3.41,"date":"2026-08-21","country":"DR Congo (Zaire)"},"geometry":{"type":"Point","coordinates":[29.157,1.035]}},{"type":"Feature","properties":{"weight":1.6,"date":"2026-08-22","country":"DR Congo (Zaire)"},"geometry":{"type":"Point","coordinates":[29.148,1.053]}},{"type":"Feature","properties":{"weight":3.08,"date":"2026-08-24","country":"DR Congo (Zaire)"},"geometry":{"type":"Point","coordinates":[27.618,2.776]}},{"type":"Feature","properties":{"weight":3.6,"date":"2026-08-27","country":"DR Congo (Zaire)"},"geometry":{"type":"Point","coordinates":[29.2,1.0]}},{"type":"Feature","properties":{"weight":3.08,"date":"2026-08-28","country":"DR Congo (Zaire)"},"geometry":{"type":"Point","coordinates":[29.148,1.053]}},{"type":"Feature","properties":{"weight":2.81,"date":"2026-08-28","country":"DR Congo (Zaire)"},"geometry":{"type":"Point","coordinates":[29.148,1.053]}},{"type":"Feature","properties":{"weight":2.81,"date":"2026-08-29","country":"DR Congo (Zaire)"},"geometry":{"type":"Point","coordinates":[29.05,1.35]}},{"type":"Feature","properties":{"weight":2.4,"date":"2026-08-31","country":"DR Congo (Zaire)"},"geometry":{"type":"Point","coordinates":[29.387,-0.682]}},{"type":"Feature","properties":{"weight":1.6,"date":"2026-08-13","country":"DR Congo (Zaire)"},"geometry":{"type":"Point","coordinates":[28.922,-1.253]}},{"type":"Feature","properties":{"weight":1.95,"date":"2026-08-30","country":"DR Congo (Zaire)"},"geometry":{"type":"Point","coordinates":[29.631,-0.829]}},{"type":"Feature","properties":{"weight":3.08,"date":"2026-08-02","country":"DR Congo (Zaire)"},"geometry":{"type":"Point","coordinates":[27.333,-8.65]}},{"type":"Feature","properties":{"weight":1.0,"date":"2026-07-29","country":"DR Congo (Zaire)"},"geometry":{"type":"Point","coordinates":[25.0,0.0]}},{"type":"Feature","properties":{"weight":1.6,"date":"2026-08-24","country":"DR Congo (Zaire)"},"geometry":{"type":"Point","coordinates":[29.368,-1.338]}},{"type":"Feature","properties":{"weight":1.0,"date":"2026-07-30","country":"DR Congo (Zaire)"},"geometry":{"type":"Point","coordinates":[28.68,-4.139]}},{"type":"Feature","properties":{"weight":1.0,"date":"2026-07-31","country":"DR Congo (Zaire)"},"geometry":{"type":"Point","coordinates":[28.714,-3.924]}},{"type":"Feature","properties":{"weight":2.56,"date":"2026-08-07","country":"DR Congo (Zaire)"},"geometry":{"type":"Point","coordinates":[28.809,-1.769]}},{"type":"Feature","properties":{"weight":1.95,"date":"2026-08-11","country":"DR Congo (Zaire)"},"geometry":{"type":"Point","coordinates":[28.809,-1.769]}},{"type":"Feature","properties":{"weight":2.2,"date":"2026-08-12","country":"DR Congo (Zaire)"},"geometry":{"type":"Point","coordinates":[28.79,-1.81]}},{"type":"Feature","properties":{"weight":1.95,"date":"2026-08-12","country":"DR Congo (Zaire)"},"geometry":{"type":"Point","coordinates":[28.8,-1.852]}},{"type":"Feature","properties":{"weight":1.0,"date":"2026-08-14","country":"DR Congo (Zaire)"},"geometry":{"type":"Point","coordinates":[28.88,-1.54]}},{"type":"Feature","properties":{"weight":1.6,"date":"2026-08-17","country":"DR Congo (Zaire)"},"geometry":{"type":"Point","coordinates":[28.79,-1.81]}},{"type":"Feature","properties":{"weight":1.95,"date":"2026-08-17","country":"DR Congo (Zaire)"},"geometry":{"type":"Point","coordinates":[28.75,-1.697]}},{"type":"Feature","properties":{"weight":1.0,"date":"2026-08-20","country":"DR Congo (Zaire)"},"geometry":{"type":"Point","coordinates":[28.73,-3.935]}},{"type":"Feature","properties":{"weight":1.6,"date":"2026-08-20","country":"DR Congo (Zaire)"},"geometry":{"type":"Point","coordinates":[28.474,-2.73]}},{"type":"Feature","properties":{"weight":1.0,"date":"2026-08-21","country":"DR Congo (Zaire)"},"geometry":{"type":"Point","coordinates":[28.667,-2.633]}},{"type":"Feature","properties":{"weight":1.0,"date":"2026-08-22","country":"DR Congo (Zaire)"},"geometry":{"type":"Point","coordinates":[28.73,-3.935]}},{"type":"Feature","properties":{"weight":1.0,"date":"2026-08-24","country":"DR Congo (Zaire)"},"geometry":{"type":"Point","coordinates":[28.95,-4.3]}},{"type":"Feature","properties":{"weight":1.0,"date":"2026-08-27","country":"DR Congo (Zaire)"},"geometry":{"type":"Point","coordinates":[28.73,-3.935]}},{"type":"Feature","properties":{"weight":3.76,"date":"2026-08-27","country":"DR Congo (Zaire)"},"geometry":{"type":"Point","coordinates":[28.25,-3.167]}},{"type":"Feature","properties":{"weight":1.6,"date":"2026-08-01","country":"DR Congo (Zaire)"},"geometry":{"type":"Point","coordinates":[28.858,-2.179]}},{"type":"Feature","properties":{"weight":1.6,"date":"2026-08-01","country":"DR Congo (Zaire)"},"geometry":{"type":"Point","coordinates":[29.234,-1.693]}},{"type":"Feature","properties":{"weight":2.2,"date":"2026-08-07","country":"DR Congo (Zaire)"},"geometry":{"type":"Point","coordinates":[28.8,-1.817]}},{"type":"Feature","properties":{"weight":1.6,"date":"2026-08-14","country":"DR Congo (Zaire)"},"geometry":{"type":"Point","coordinates":[28.615,-2.594]}},{"type":"Feature","properties":{"weight":3.16,"date":"2026-08-15","country":"DR Congo (Zaire)"},"geometry":{"type":"Point","coordinates":[28.79,-1.81]}},{"type":"Feature","properties":{"weight":1.95,"date":"2026-08-19","country":"DR Congo (Zaire)"},"geometry":{"type":"Point","coordinates":[28.883,-0.993]}},{"type":"Feature","properties":{"weight":1.6,"date":"2026-08-19","country":"DR Congo (Zaire)"},"geometry":{"type":"Point","coordinates":[28.983,-0.683]}},{"type":"Feature","properties":{"weight":1.95,"date":"2026-08-19","country":"DR Congo (Zaire)"},"geometry":{"type":"Point","coordinates":[28.88,-0.986]}},{"type":"Feature","properties":{"weight":1.0,"date":"2026-08-27","country":"DR Congo (Zaire)"},"geometry":{"type":"Point","coordinates":[29.46,-1.18]}},{"type":"Feature","properties":{"weight":2.2,"date":"2026-08-03","country":"DR Congo (Zaire)"},"geometry":{"type":"Point","coordinates":[30.585,1.757]}},{"type":"Feature","properties":{"weight":1.95,"date":"2026-08-07","country":"DR Congo (Zaire)"},"geometry":{"type":"Point","coordinates":[30.287,1.875]}},{"type":"Feature","properties":{"weight":1.0,"date":"2026-08-11","country":"DR Congo (Zaire)"},"geometry":{"type":"Point","coordinates":[30.321,1.748]}},{"type":"Feature","properties":{"weight":3.41,"date":"2026-08-20","country":"Ethiopia"},"geometry":{"type":"Point","coordinates":[37.915,12.448]}},{"type":"Feature","properties":{"weight":2.2,"date":"2026-08-21","country":"Ethiopia"},"geometry":{"type":"Point","coordinates":[38.25,11.25]}},{"type":"Feature","properties":{"weight":1.6,"date":"2026-08-24","country":"Ethiopia"},"geometry":{"type":"Point","coordinates":[36.626,9.662]}},{"type":"Feature","properties":{"weight":4.2,"date":"2026-08-01","country":"Ethiopia"},"geometry":{"type":"Point","coordinates":[36.565,14.071]}},{"type":"Feature","properties":{"weight":2.69,"date":"2026-08-10","country":"Ethiopia"},"geometry":{"type":"Point","coordinates":[39.31,12.358]}},{"type":"Feature","properties":{"weight":1.0,"date":"2026-08-14","country":"Ethiopia"},"geometry":{"type":"Point","coordinates":[39.653,12.1]}},{"type":"Feature","properties":{"weight":1.0,"date":"2026-08-17","country":"Ethiopia"},"geometry":{"type":"Point","coordinates":[37.698,13.772]}},{"type":"Feature","properties":{"weight":1.6,"date":"2026-08-18","country":"Ethiopia"},"geometry":{"type":"Point","coordinates":[39.585,13.444]}},{"type":"Feature","properties":{"weight":1.0,"date":"2026-08-19","country":"Ethiopia"},"geometry":{"type":"Point","coordinates":[39.5,13.75]}},{"type":"Feature","properties":{"weight":1.0,"date":"2026-08-20","country":"Ethiopia"},"geometry":{"type":"Point","coordinates":[39.475,13.497]}},{"type":"Feature","properties":{"weight":1.0,"date":"2026-08-24","country":"Ethiopia"},"geometry":{"type":"Point","coordinates":[39.63,12.75]}},{"type":"Feature","properties":{"weight":1.0,"date":"2026-08-24","country":"Ethiopia"},"geometry":{"type":"Point","coordinates":[38.182,13.947]}},{"type":"Feature","properties":{"weight":1.0,"date":"2026-08-25","country":"Ethiopia"},"geometry":{"type":"Point","coordinates":[39.796,13.904]}},{"type":"Feature","properties":{"weight":1.0,"date":"2026-08-27","country":"Ethiopia"},"geometry":{"type":"Point","coordinates":[39.533,13.852]}},{"type":"Feature","properties":{"weight":2.4,"date":"2026-07-01","country":"Ethiopia"},"geometry":{"type":"Point","coordinates":[40.515,8.761]}},{"type":"Feature","properties":{"weight":1.95,"date":"2026-07-01","country":"Ethiopia"},"geometry":{"type":"Point","coordinates":[39.5,8.667]}},{"type":"Feature","properties":{"weight":1.6,"date":"2026-07-01","country":"Ethiopia"},"geometry":{"type":"Point","coordinates":[35.587,8.827]}},{"type":"Feature","properties":{"weight":2.2,"date":"2026-07-01","country":"Ethiopia"},"geometry":{"type":"Point","coordinates":[40.75,8.333]}},{"type":"Feature","properties":{"weight":1.6,"date":"2026-07-01","country":"Ethiopia"},"geometry":{"type":"Point","coordinates":[36.558,9.325]}},{"type":"Feature","properties":{"weight":1.6,"date":"2026-08-06","country":"Ethiopia"},"geometry":{"type":"Point","coordinates":[41.083,9.283]}},{"type":"Feature","properties":{"weight":1.95,"date":"2026-08-06","country":"Ethiopia"},"geometry":{"type":"Point","coordinates":[36.55,9.083]}},{"type":"Feature","properties":{"weight":2.4,"date":"2026-08-08","country":"Ethiopia"},"geometry":{"type":"Point","coordinates":[36.733,8.737]}},{"type":"Feature","properties":{"weight":1.0,"date":"2026-08-08","country":"Ethiopia"},"geometry":{"type":"Point","coordinates":[36.632,9.565]}},{"type":"Feature","properties":{"weight":2.56,"date":"2026-08-18","country":"Ethiopia"},"geometry":{"type":"Point","coordinates":[36.194,9.046]}},{"type":"Feature","properties":{"weight":3.68,"date":"2026-08-18","country":"Ethiopia"},"geometry":{"type":"Point","coordinates":[36.55,9.083]}},{"type":"Feature","properties":{"weight":3.51,"date":"2026-08-18","country":"Ethiopia"},"geometry":{"type":"Point","coordinates":[36.626,9.662]}},{"type":"Feature","properties":{"weight":3.76,"date":"2026-08-21","country":"Ethiopia"},"geometry":{"type":"Point","coordinates":[36.55,9.083]}},{"type":"Feature","properties":{"weight":1.95,"date":"2026-08-29","country":"Ethiopia"},"geometry":{"type":"Point","coordinates":[36.632,9.565]}},{"type":"Feature","properties":{"weight":1.0,"date":"2026-08-01","country":"Ethiopia"},"geometry":{"type":"Point","coordinates":[37.0,13.75]}},{"type":"Feature","properties":{"weight":1.95,"date":"2026-08-24","country":"Ethiopia"},"geometry":{"type":"Point","coordinates":[36.415,9.41]}},{"type":"Feature","properties":{"weight":2.81,"date":"2026-08-25","country":"Ethiopia"},"geometry":{"type":"Point","coordinates":[38.56,8.606]}},{"type":"Feature","properties":{"weight":1.0,"date":"2026-08-29","country":"Ethiopia"},"geometry":{"type":"Point","coordinates":[34.769,8.781]}},{"type":"Feature","properties":{"weight":1.0,"date":"2026-08-04","country":"Ethiopia"},"geometry":{"type":"Point","coordinates":[36.813,9.995]}},{"type":"Feature","properties":{"weight":1.0,"date":"2026-08-20","country":"Ethiopia"},"geometry":{"type":"Point","coordinates":[37.634,8.802]}},{"type":"Feature","properties":{"weight":3.72,"date":"2026-08-21","country":"Ethiopia"},"geometry":{"type":"Point","coordinates":[40.019,8.459]}},{"type":"Feature","properties":{"weight":1.0,"date":"2026-08-27","country":"Ethiopia"},"geometry":{"type":"Point","coordinates":[38.105,9.248]}},{"type":"Feature","properties":{"weight":1.0,"date":"2026-08-27","country":"Ethiopia"},"geometry":{"type":"Point","coordinates":[38.235,9.353]}},{"type":"Feature","properties":{"weight":1.0,"date":"2026-08-27","country":"Ethiopia"},"geometry":{"type":"Point","coordinates":[38.423,9.442]}},{"type":"Feature","properties":{"weight":1.0,"date":"2026-08-27","country":"Ethiopia"},"geometry":{"type":"Point","coordinates":[38.213,9.561]}},{"type":"Feature","properties":{"weight":3.46,"date":"2026-08-25","country":"Ethiopia"},"geometry":{"type":"Point","coordinates":[38.0,7.067]}},{"type":"Feature","properties":{"weight":2.56,"date":"2026-08-05","country":"Ethiopia"},"geometry":{"type":"Point","coordinates":[39.178,10.87]}},{"type":"Feature","properties":{"weight":3.29,"date":"2026-07-27","country":"Ethiopia"},"geometry":{"type":"Point","coordinates":[37.196,11.266]}},{"type":"Feature","properties":{"weight":3.0,"date":"2026-07-27","country":"Ethiopia"},"geometry":{"type":"Point","coordinates":[38.1,11.838]}},{"type":"Feature","properties":{"weight":3.08,"date":"2026-07-27","country":"Ethiopia"},"geometry":{"type":"Point","coordinates":[37.175,11.12]}},{"type":"Feature","properties":{"weight":3.23,"date":"2026-07-27","country":"Ethiopia"},"geometry":{"type":"Point","coordinates":[36.697,10.961]}},{"type":"Feature","properties":{"weight":2.2,"date":"2026-08-02","country":"Ethiopia"},"geometry":{"type":"Point","coordinates":[38.438,11.885]}},{"type":"Feature","properties":{"weight":1.95,"date":"2026-08-05","country":"Ethiopia"},"geometry":{"type":"Point","coordinates":[38.09,10.462]}},{"type":"Feature","properties":{"weight":1.95,"date":"2026-08-07","country":"Ethiopia"},"geometry":{"type":"Point","coordinates":[37.271,10.721]}},{"type":"Feature","properties":{"weight":1.95,"date":"2026-08-08","country":"Ethiopia"},"geometry":{"type":"Point","coordinates":[36.616,9.804]}},{"type":"Feature","properties":{"weight":1.0,"date":"2026-08-08","country":"Ethiopia"},"geometry":{"type":"Point","coordinates":[36.833,9.5]}},{"type":"Feature","properties":{"weight":1.95,"date":"2026-08-08","country":"Ethiopia"},"geometry":{"type":"Point","coordinates":[36.632,9.565]}},{"type":"Feature","properties":{"weight":1.6,"date":"2026-08-08","country":"Ethiopia"},"geometry":{"type":"Point","coordinates":[36.632,9.565]}},{"type":"Feature","properties":{"weight":2.2,"date":"2026-08-09","country":"Ethiopia"},"geometry":{"type":"Point","coordinates":[37.933,10.25]}},{"type":"Feature","properties":{"weight":1.0,"date":"2026-08-09","country":"Ethiopia"},"geometry":{"type":"Point","coordinates":[37.242,12.681]}},{"type":"Feature","properties":{"weight":2.4,"date":"2026-08-10","country":"Ethiopia"},"geometry":{"type":"Point","coordinates":[39.31,12.358]}},{"type":"Feature","properties":{"weight":2.2,"date":"2026-08-10","country":"Ethiopia"},"geometry":{"type":"Point","coordinates":[38.011,8.142]}},{"type":"Feature","properties":{"weight":2.69,"date":"2026-08-11","country":"Ethiopia"},"geometry":{"type":"Point","coordinates":[36.343,11.161]}},{"type":"Feature","properties":{"weight":2.2,"date":"2026-08-14","country":"Ethiopia"},"geometry":{"type":"Point","coordinates":[37.426,10.821]}},{"type":"Feature","properties":{"weight":1.6,"date":"2026-08-14","country":"Ethiopia"},"geometry":{"type":"Point","coordinates":[37.767,8.29]}},{"type":"Feature","properties":{"weight":1.0,"date":"2026-08-14","country":"Ethiopia"},"geometry":{"type":"Point","coordinates":[39.653,12.1]}},{"type":"Feature","properties":{"weight":2.2,"date":"2026-08-16","country":"Ethiopia"},"geometry":{"type":"Point","coordinates":[38.224,10.564]}},{"type":"Feature","properties":{"weight":1.95,"date":"2026-08-16","country":"Ethiopia"},"geometry":{"type":"Point","coordinates":[35.75,12.5]}},{"type":"Feature","properties":{"weight":1.95,"date":"2026-08-17","country":"Ethiopia"},"geometry":{"type":"Point","coordinates":[37.798,10.729]}},{"type":"Feature","properties":{"weight":1.95,"date":"2026-08-17","country":"Ethiopia"},"geometry":{"type":"Point","coordinates":[37.798,10.729]}},{"type":"Feature","properties":{"weight":3.98,"date":"2026-08-18","country":"Ethiopia"},"geometry":{"type":"Point","coordinates":[39.25,11.317]}},{"type":"Feature","properties":{"weight":3.98,"date":"2026-08-18","country":"Ethiopia"},"geometry":{"type":"Point","coordinates":[39.241,11.237]}},{"type":"Feature","properties":{"weight":2.81,"date":"2026-08-18","country":"Ethiopia"},"geometry":{"type":"Point","coordinates":[36.616,9.804]}},{"type":"Feature","properties":{"weight":1.0,"date":"2026-08-18","country":"Ethiopia"},"geometry":{"type":"Point","coordinates":[36.55,9.083]}},{"type":"Feature","properties":{"weight":1.0,"date":"2026-08-19","country":"Ethiopia"},"geometry":{"type":"Point","coordinates":[38.843,12.765]}},{"type":"Feature","properties":{"weight":1.0,"date":"2026-08-19","country":"Ethiopia"},"geometry":{"type":"Point","coordinates":[37.8,10.471]}},{"type":"Feature","properties":{"weight":1.6,"date":"2026-08-22","country":"Ethiopia"},"geometry":{"type":"Point","coordinates":[38.636,10.219]}},{"type":"Feature","properties":{"weight":2.2,"date":"2026-08-27","country":"Ethiopia"},"geometry":{"type":"Point","coordinates":[36.2,12.967]}},{"type":"Feature","properties":{"weight":1.0,"date":"2026-08-27","country":"Ethiopia"},"geometry":{"type":"Point","coordinates":[37.391,11.594]}},{"type":"Feature","properties":{"weight":1.6,"date":"2026-08-28","country":"Ethiopia"},"geometry":{"type":"Point","coordinates":[37.931,10.192]}},{"type":"Feature","properties":{"weight":1.0,"date":"2026-08-13","country":"Ethiopia"},"geometry":{"type":"Point","coordinates":[39.854,12.814]}},{"type":"Feature","properties":{"weight":2.69,"date":"2026-08-11","country":"Ethiopia"},"geometry":{"type":"Point","coordinates":[36.343,11.161]}},{"type":"Feature","properties":{"weight":1.6,"date":"2026-08-30","country":"France"},"geometry":{"type":"Point","coordinates":[5.378,43.294]}},{"type":"Feature","properties":{"weight":1.6,"date":"2026-08-11","country":"Ghana"},"geometry":{"type":"Point","coordinates":[-1.179,10.816]}},{"type":"Feature","properties":{"weight":1.95,"date":"2026-08-14","country":"Ghana"},"geometry":{"type":"Point","coordinates":[-0.188,9.97]}},{"type":"Feature","properties":{"weight":1.95,"date":"2026-08-02","country":"Guatemala"},"geometry":{"type":"Point","coordinates":[-90.535,14.613]}},{"type":"Feature","properties":{"weight":1.6,"date":"2026-08-02","country":"Guatemala"},"geometry":{"type":"Point","coordinates":[-90.535,14.613]}},{"type":"Feature","properties":{"weight":1.95,"date":"2026-08-17","country":"Guatemala"},"geometry":{"type":"Point","coordinates":[-90.535,14.613]}},{"type":"Feature","properties":{"weight":4.36,"date":"2026-08-23","country":"Haiti"},"geometry":{"type":"Point","coordinates":[-72.283,18.45]}},{"type":"Feature","properties":{"weight":1.6,"date":"2026-08-07","country":"India"},"geometry":{"type":"Point","coordinates":[75.879,30.817]}},{"type":"Feature","properties":{"weight":2.2,"date":"2026-01-01","country":"India"},"geometry":{"type":"Point","coordinates":[85.75,25.75]}},{"type":"Feature","properties":{"weight":1.0,"date":"2026-08-14","country":"India"},"geometry":{"type":"Point","coordinates":[96.061,27.314]}},{"type":"Feature","properties":{"weight":1.6,"date":"2026-08-08","country":"India"},"geometry":{"type":"Point","coordinates":[74.825,31.566]}},{"type":"Feature","properties":{"weight":1.6,"date":"2026-08-08","country":"India"},"geometry":{"type":"Point","coordinates":[92.021,24.378]}},{"type":"Feature","properties":{"weight":2.2,"date":"2026-08-31","country":"India"},"geometry":{"type":"Point","coordinates":[93.766,25.183]}},{"type":"Feature","properties":{"weight":1.95,"date":"2026-08-14","country":"India"},"geometry":{"type":"Point","coordinates":[93.776,25.047]}},{"type":"Feature","properties":{"weight":1.6,"date":"2026-08-23","country":"India"},"geometry":{"type":"Point","coordinates":[88.33,22.53]}},{"type":"Feature","properties":{"weight":1.6,"date":"2026-08-28","country":"India"},"geometry":{"type":"Point","coordinates":[93.701,24.924]}},{"type":"Feature","properties":{"weight":1.6,"date":"2026-08-29","country":"India"},"geometry":{"type":"Point","coordinates":[93.685,24.88]}},{"type":"Feature","properties":{"weight":2.56,"date":"2026-08-27","country":"India"},"geometry":{"type":"Point","coordinates":[93.787,25.126]}},{"type":"Feature","properties":{"weight":2.2,"date":"2026-08-16","country":"Indonesia"},"geometry":{"type":"Point","coordinates":[137.59,-4.129]}},{"type":"Feature","properties":{"weight":1.95,"date":"2026-08-17","country":"Indonesia"},"geometry":{"type":"Point","coordinates":[137.707,-4.294]}},{"type":"Feature","properties":{"weight":2.2,"date":"2026-08-13","country":"Indonesia"},"geometry":{"type":"Point","coordinates":[132.394,-1.234]}},{"type":"Feature","properties":{"weight":2.56,"date":"2026-08-02","country":"Indonesia"},"geometry":{"type":"Point","coordinates":[137.417,-3.427]}},{"type":"Feature","properties":{"weight":1.6,"date":"2026-08-27","country":"Indonesia"},"geometry":{"type":"Point","coordinates":[106.817,-6.2]}},{"type":"Feature","properties":{"weight":1.6,"date":"2026-08-20","country":"Iran"},"geometry":{"type":"Point","coordinates":[62.0,27.333]}},{"type":"Feature","properties":{"weight":1.6,"date":"2026-08-02","country":"Iran"},"geometry":{"type":"Point","coordinates":[46.176,35.527]}},{"type":"Feature","properties":{"weight":1.6,"date":"2026-08-05","country":"Iran"},"geometry":{"type":"Point","coordinates":[45.512,36.466]}},{"type":"Feature","properties":{"weight":1.6,"date":"2026-08-19","country":"Iran"},"geometry":{"type":"Point","coordinates":[45.483,36.2]}},{"type":"Feature","properties":{"weight":1.6,"date":"2026-08-05","country":"Iran"},"geometry":{"type":"Point","coordinates":[60.685,27.203]}},{"type":"Feature","properties":{"weight":1.6,"date":"2026-08-06","country":"Iran"},"geometry":{"type":"Point","coordinates":[60.867,29.492]}},{"type":"Feature","properties":{"weight":1.95,"date":"2026-08-13","country":"Iran"},"geometry":{"type":"Point","coordinates":[61.2,28.217]}},{"type":"Feature","properties":{"weight":1.6,"date":"2026-08-22","country":"Iran"},"geometry":{"type":"Point","coordinates":[60.863,29.496]}},{"type":"Feature","properties":{"weight":1.6,"date":"2026-08-27","country":"Iran"},"geometry":{"type":"Point","coordinates":[61.45,29.015]}},{"type":"Feature","properties":{"weight":1.6,"date":"2026-08-28","country":"Iran"},"geometry":{"type":"Point","coordinates":[62.0,27.333]}},{"type":"Feature","properties":{"weight":1.95,"date":"2026-08-31","country":"Iran"},"geometry":{"type":"Point","coordinates":[61.745,26.166]}},{"type":"Feature","properties":{"weight":1.95,"date":"2026-08-30","country":"Iran"},"geometry":{"type":"Point","coordinates":[56.277,27.188]}},{"type":"Feature","properties":{"weight":1.95,"date":"2026-08-27","country":"Iraq"},"geometry":{"type":"Point","coordinates":[44.401,33.341]}},{"type":"Feature","properties":{"weight":1.95,"date":"2026-08-02","country":"Israel"},"geometry":{"type":"Point","coordinates":[34.35,31.417]}},{"type":"Feature","properties":{"weight":1.6,"date":"2026-08-01","country":"Israel"},"geometry":{"type":"Point","coordinates":[34.45,31.517]}},{"type":"Feature","properties":{"weight":1.6,"date":"2026-08-01","country":"Israel"},"geometry":{"type":"Point","coordinates":[34.256,31.348]}},{"type":"Feature","properties":{"weight":1.6,"date":"2026-08-01","country":"Israel"},"geometry":{"type":"Point","coordinates":[34.35,31.417]}},{"type":"Feature","properties":{"weight":1.95,"date":"2026-08-01","country":"Israel"},"geometry":{"type":"Point","coordinates":[34.45,31.517]}},{"type":"Feature","properties":{"weight":1.6,"date":"2026-08-01","country":"Israel"},"geometry":{"type":"Point","coordinates":[34.45,31.517]}},{"type":"Feature","properties":{"weight":2.2,"date":"2026-08-02","country":"Israel"},"geometry":{"type":"Point","coordinates":[34.341,31.374]}},{"type":"Feature","properties":{"weight":1.95,"date":"2026-08-02","country":"Israel"},"geometry":{"type":"Point","coordinates":[34.35,31.417]}},{"type":"Feature","properties":{"weight":1.95,"date":"2026-08-02","country":"Israel"},"geometry":{"type":"Point","coordinates":[34.45,31.517]}},{"type":"Feature","properties":{"weight":2.2,"date":"2026-08-02","country":"Israel"},"geometry":{"type":"Point","coordinates":[34.45,31.517]}},{"type":"Feature","properties":{"weight":1.6,"date":"2026-08-02","country":"Israel"},"geometry":{"type":"Point","coordinates":[34.495,31.536]}},{"type":"Feature","properties":{"weight":1.6,"date":"2026-08-02","country":"Israel"},"geometry":{"type":"Point","coordinates":[34.45,31.517]}},{"type":"Feature","properties":{"weight":1.95,"date":"2026-08-02","country":"Israel"},"geometry":{"type":"Point","coordinates":[34.45,31.517]}},{"type":"Feature","properties":{"weight":2.2,"date":"2026-08-02","country":"Israel"},"geometry":{"type":"Point","coordinates":[34.45,31.517]}},{"type":"Feature","properties":{"weight":1.95,"date":"2026-08-03","country":"Israel"},"geometry":{"type":"Point","coordinates":[34.45,31.517]}},{"type":"Feature","properties":{"weight":1.6,"date":"2026-08-08","country":"Israel"},"geometry":{"type":"Point","coordinates":[34.256,31.348]}},{"type":"Feature","properties":{"weight":1.6,"date":"2026-08-08","country":"Israel"},"geometry":{"type":"Point","coordinates":[34.35,31.417]}},{"type":"Feature","properties":{"weight":1.6,"date":"2026-08-09","country":"Israel"},"geometry":{"type":"Point","coordinates":[34.303,31.344]}},{"type":"Feature","properties":{"weight":1.0,"date":"2026-08-12","country":"Israel"},"geometry":{"type":"Point","coordinates":[34.495,31.546]}},{"type":"Feature","properties":{"weight":1.6,"date":"2026-08-13","country":"Israel"},"geometry":{"type":"Point","coordinates":[34.303,31.344]}},{"type":"Feature","properties":{"weight":1.6,"date":"2026-08-13","country":"Israel"},"geometry":{"type":"Point","coordinates":[34.45,31.517]}},{"type":"Feature","properties":{"weight":1.6,"date":"2026-08-15","country":"Israel"},"geometry":{"type":"Point","coordinates":[34.303,31.344]}},{"type":"Feature","properties":{"weight":1.6,"date":"2026-08-17","country":"Israel"},"geometry":{"type":"Point","coordinates":[34.35,31.417]}},{"type":"Feature","properties":{"weight":1.6,"date":"2026-08-17","country":"Israel"},"geometry":{"type":"Point","coordinates":[34.45,31.517]}},{"type":"Feature","properties":{"weight":2.91,"date":"2026-08-18","country":"Israel"},"geometry":{"type":"Point","coordinates":[34.45,31.517]}},{"type":"Feature","properties":{"weight":3.0,"date":"2026-08-19","country":"Israel"},"geometry":{"type":"Point","coordinates":[34.45,31.517]}},{"type":"Feature","properties":{"weight":1.6,"date":"2026-08-19","country":"Israel"},"geometry":{"type":"Point","coordinates":[34.393,31.448]}},{"type":"Feature","properties":{"weight":1.6,"date":"2026-08-21","country":"Israel"},"geometry":{"type":"Point","coordinates":[34.256,31.348]}},{"type":"Feature","properties":{"weight":1.6,"date":"2026-08-21","country":"Israel"},"geometry":{"type":"Point","coordinates":[34.287,31.324]}},{"type":"Feature","properties":{"weight":1.6,"date":"2026-08-22","country":"Israel"},"geometry":{"type":"Point","coordinates":[34.35,31.417]}},{"type":"Feature","properties":{"weight":1.6,"date":"2026-08-23","country":"Israel"},"geometry":{"type":"Point","coordinates":[34.393,31.448]}},{"type":"Feature","properties":{"weight":1.95,"date":"2026-08-23","country":"Israel"},"geometry":{"type":"Point","coordinates":[34.366,31.428]}},{"type":"Feature","properties":{"weight":1.95,"date":"2026-08-24","country":"Israel"},"geometry":{"type":"Point","coordinates":[34.35,31.417]}},{"type":"Feature","properties":{"weight":1.6,"date":"2026-08-24","country":"Israel"},"geometry":{"type":"Point","coordinates":[34.303,31.344]}},{"type":"Feature","properties":{"weight":1.6,"date":"2026-08-24","country":"Israel"},"geometry":{"type":"Point","coordinates":[34.403,31.44]}},{"type":"Feature","properties":{"weight":1.6,"date":"2026-08-24","country":"Israel"},"geometry":{"type":"Point","coordinates":[34.373,31.425]}},{"type":"Feature","properties":{"weight":1.95,"date":"2026-08-24","country":"Israel"},"geometry":{"type":"Point","coordinates":[34.303,31.344]}},{"type":"Feature","properties":{"weight":2.4,"date":"2026-08-25","country":"Israel"},"geometry":{"type":"Point","coordinates":[34.495,31.536]}},{"type":"Feature","properties":{"weight":1.6,"date":"2026-08-25","country":"Israel"},"geometry":{"type":"Point","coordinates":[34.256,31.348]}},{"type":"Feature","properties":{"weight":1.6,"date":"2026-08-26","country":"Israel"},"geometry":{"type":"Point","coordinates":[34.256,31.348]}},{"type":"Feature","properties":{"weight":1.6,"date":"2026-08-27","country":"Israel"},"geometry":{"type":"Point","coordinates":[34.447,31.535]}},{"type":"Feature","properties":{"weight":1.6,"date":"2026-08-27","country":"Israel"},"geometry":{"type":"Point","coordinates":[34.447,31.535]}},{"type":"Feature","properties":{"weight":1.6,"date":"2026-08-27","country":"Israel"},"geometry":{"type":"Point","coordinates":[34.256,31.348]}},{"type":"Feature","properties":{"weight":2.2,"date":"2026-08-28","country":"Israel"},"geometry":{"type":"Point","coordinates":[34.341,31.374]}},{"type":"Feature","properties":{"weight":1.6,"date":"2026-08-28","country":"Israel"},"geometry":{"type":"Point","coordinates":[34.45,31.517]}},{"type":"Feature","properties":{"weight":2.2,"date":"2026-08-28","country":"Israel"},"geometry":{"type":"Point","coordinates":[35.301,32.459]}},{"type":"Feature","properties":{"weight":1.6,"date":"2026-08-28","country":"Israel"},"geometry":{"type":"Point","coordinates":[34.45,31.517]}},{"type":"Feature","properties":{"weight":1.6,"date":"2026-08-28","country":"Israel"},"geometry":{"type":"Point","coordinates":[34.35,31.417]}},{"type":"Feature","properties":{"weight":1.6,"date":"2026-08-29","country":"Israel"},"geometry":{"type":"Point","coordinates":[34.378,31.411]}},{"type":"Feature","properties":{"weight":1.95,"date":"2026-08-29","country":"Israel"},"geometry":{"type":"Point","coordinates":[34.45,31.517]}},{"type":"Feature","properties":{"weight":1.95,"date":"2026-08-29","country":"Israel"},"geometry":{"type":"Point","coordinates":[34.303,31.344]}},{"type":"Feature","properties":{"weight":1.95,"date":"2026-08-30","country":"Israel"},"geometry":{"type":"Point","coordinates":[34.35,31.417]}},{"type":"Feature","properties":{"weight":2.2,"date":"2026-08-31","country":"Israel"},"geometry":{"type":"Point","coordinates":[34.45,31.517]}},{"type":"Feature","properties":{"weight":1.95,"date":"2026-08-31","country":"Israel"},"geometry":{"type":"Point","coordinates":[34.45,31.517]}},{"type":"Feature","properties":{"weight":1.95,"date":"2026-08-01","country":"Israel"},"geometry":{"type":"Point","coordinates":[34.45,31.517]}},{"type":"Feature","properties":{"weight":1.6,"date":"2026-08-16","country":"Israel"},"geometry":{"type":"Point","coordinates":[34.256,31.348]}},{"type":"Feature","properties":{"weight":1.6,"date":"2026-08-21","country":"Israel"},"geometry":{"type":"Point","coordinates":[35.301,32.459]}},{"type":"Feature","properties":{"weight":1.6,"date":"2026-08-27","country":"Israel"},"geometry":{"type":"Point","coordinates":[34.45,31.517]}},{"type":"Feature","properties":{"weight":1.6,"date":"2026-08-23","country":"Israel"},"geometry":{"type":"Point","coordinates":[35.297,32.22]}},{"type":"Feature","properties":{"weight":1.0,"date":"2026-08-15","country":"Israel"},"geometry":{"type":"Point","coordinates":[34.45,31.517]}},{"type":"Feature","properties":{"weight":1.0,"date":"2026-08-24","country":"Israel"},"geometry":{"type":"Point","coordinates":[34.45,31.517]}},{"type":"Feature","properties":{"weight":2.81,"date":"2026-08-04","country":"Ivory Coast"},"geometry":{"type":"Point","coordinates":[-4.283,5.867]}},{"type":"Feature","properties":{"weight":1.0,"date":"2026-08-22","country":"Kenya"},"geometry":{"type":"Point","coordinates":[41.178,-1.743]}},{"type":"Feature","properties":{"weight":1.0,"date":"2026-08-25","country":"Kenya"},"geometry":{"type":"Point","coordinates":[40.14,-0.241]}},{"type":"Feature","properties":{"weight":2.2,"date":"2026-08-01","country":"Lebanon"},"geometry":{"type":"Point","coordinates":[35.518,33.363]}},{"type":"Feature","properties":{"weight":1.6,"date":"2026-08-05","country":"Lebanon"},"geometry":{"type":"Point","coordinates":[35.405,33.195]}},{"type":"Feature","properties":{"weight":1.95,"date":"2026-08-05","country":"Lebanon"},"geometry":{"type":"Point","coordinates":[35.227,33.151]}},{"type":"Feature","properties":{"weight":1.6,"date":"2026-08-11","country":"Lebanon"},"geometry":{"type":"Point","coordinates":[35.497,33.386]}},{"type":"Feature","properties":{"weight":1.6,"date":"2026-08-13","country":"Lebanon"},"geometry":{"type":"Point","coordinates":[35.484,33.377]}},{"type":"Feature","properties":{"weight":2.4,"date":"2026-08-15","country":"Lebanon"},"geometry":{"type":"Point","coordinates":[35.462,33.433]}},{"type":"Feature","properties":{"weight":2.81,"date":"2026-08-15","country":"Lebanon"},"geometry":{"type":"Point","coordinates":[35.35,33.383]}},{"type":"Feature","properties":{"weight":2.2,"date":"2026-08-19","country":"Lebanon"},"geometry":{"type":"Point","coordinates":[35.476,33.344]}},{"type":"Feature","properties":{"weight":1.95,"date":"2026-08-23","country":"Lebanon"},"geometry":{"type":"Point","coordinates":[35.497,33.386]}},{"type":"Feature","properties":{"weight":1.6,"date":"2026-08-27","country":"Lebanon"},"geometry":{"type":"Point","coordinates":[35.515,33.428]}},{"type":"Feature","properties":{"weight":2.56,"date":"2026-08-03","country":"Libya"},"geometry":{"type":"Point","coordinates":[12.728,32.757]}},{"type":"Feature","properties":{"weight":1.6,"date":"2026-08-10","country":"Libya"},"geometry":{"type":"Point","coordinates":[20.129,32.118]}},{"type":"Feature","properties":{"weight":1.6,"date":"2026-08-10","country":"Mali"},"geometry":{"type":"Point","coordinates":[-3.671,16.415]}},{"type":"Feature","properties":{"weight":1.6,"date":"2026-08-30","country":"Mali"},"geometry":{"type":"Point","coordinates":[-0.045,16.272]}},{"type":"Feature","properties":{"weight":1.0,"date":"2026-07-30","country":"Mali"},"geometry":{"type":"Point","coordinates":[-7.467,14.473]}},{"type":"Feature","properties":{"weight":1.0,"date":"2026-08-01","country":"Mali"},"geometry":{"type":"Point","coordinates":[-10.235,14.82]}},{"type":"Feature","properties":{"weight":1.0,"date":"2026-08-01","country":"Mali"},"geometry":{"type":"Point","coordinates":[-0.073,17.195]}},{"type":"Feature","properties":{"weight":2.2,"date":"2026-08-01","country":"Mali"},"geometry":{"type":"Point","coordinates":[-4.496,14.222]}},{"type":"Feature","properties":{"weight":1.0,"date":"2026-08-02","country":"Mali"},"geometry":{"type":"Point","coordinates":[-0.045,16.272]}},{"type":"Feature","properties":{"weight":1.95,"date":"2026-08-03","country":"Mali"},"geometry":{"type":"Point","coordinates":[-3.633,17.212]}},{"type":"Feature","properties":{"weight":1.0,"date":"2026-08-03","country":"Mali"},"geometry":{"type":"Point","coordinates":[1.822,19.381]}},{"type":"Feature","properties":{"weight":1.0,"date":"2026-08-05","country":"Mali"},"geometry":{"type":"Point","coordinates":[-2.558,15.129]}},{"type":"Feature","properties":{"weight":1.0,"date":"2026-08-05","country":"Mali"},"geometry":{"type":"Point","coordinates":[-4.973,13.846]}},{"type":"Feature","properties":{"weight":1.0,"date":"2026-08-06","country":"Mali"},"geometry":{"type":"Point","coordinates":[-5.429,13.991]}},{"type":"Feature","properties":{"weight":1.0,"date":"2026-08-06","country":"Mali"},"geometry":{"type":"Point","coordinates":[-6.072,14.005]}},{"type":"Feature","properties":{"weight":1.6,"date":"2026-08-06","country":"Mali"},"geometry":{"type":"Point","coordinates":[0.899,17.053]}},{"type":"Feature","properties":{"weight":1.0,"date":"2026-08-07","country":"Mali"},"geometry":{"type":"Point","coordinates":[-0.124,16.625]}},{"type":"Feature","properties":{"weight":1.0,"date":"2026-08-07","country":"Mali"},"geometry":{"type":"Point","coordinates":[0.64,18.079]}},{"type":"Feature","properties":{"weight":1.0,"date":"2026-08-08","country":"Mali"},"geometry":{"type":"Point","coordinates":[0.731,18.281]}},{"type":"Feature","properties":{"weight":2.81,"date":"2026-08-08","country":"Mali"},"geometry":{"type":"Point","coordinates":[-2.171,16.291]}},{"type":"Feature","properties":{"weight":1.0,"date":"2026-08-08","country":"Mali"},"geometry":{"type":"Point","coordinates":[-2.786,15.852]}},{"type":"Feature","properties":{"weight":1.0,"date":"2026-08-09","country":"Mali"},"geometry":{"type":"Point","coordinates":[-4.896,13.303]}},{"type":"Feature","properties":{"weight":1.0,"date":"2026-08-09","country":"Mali"},"geometry":{"type":"Point","coordinates":[-4.63,12.132]}},{"type":"Feature","properties":{"weight":4.57,"date":"2026-08-09","country":"Mali"},"geometry":{"type":"Point","coordinates":[-4.931,13.236]}},{"type":"Feature","properties":{"weight":1.0,"date":"2026-08-09","country":"Mali"},"geometry":{"type":"Point","coordinates":[-4.46,16.592]}},{"type":"Feature","properties":{"weight":1.0,"date":"2026-08-10","country":"Mali"},"geometry":{"type":"Point","coordinates":[-3.915,14.756]}},{"type":"Feature","properties":{"weight":1.6,"date":"2026-08-11","country":"Mali"},"geometry":{"type":"Point","coordinates":[-3.0,20.0]}},{"type":"Feature","properties":{"weight":1.0,"date":"2026-08-14","country":"Mali"},"geometry":{"type":"Point","coordinates":[-6.569,13.421]}},{"type":"Feature","properties":{"weight":1.0,"date":"2026-08-14","country":"Mali"},"geometry":{"type":"Point","coordinates":[-3.991,15.932]}},{"type":"Feature","properties":{"weight":1.0,"date":"2026-08-14","country":"Mali"},"geometry":{"type":"Point","coordinates":[-5.025,15.698]}},{"type":"Feature","properties":{"weight":1.0,"date":"2026-08-14","country":"Mali"},"geometry":{"type":"Point","coordinates":[-5.604,14.012]}},{"type":"Feature","properties":{"weight":1.0,"date":"2026-08-14","country":"Mali"},"geometry":{"type":"Point","coordinates":[-7.181,13.876]}},{"type":"Feature","properties":{"weight":1.0,"date":"2026-08-15","country":"Mali"},"geometry":{"type":"Point","coordinates":[-10.306,14.703]}},{"type":"Feature","properties":{"weight":1.0,"date":"2026-08-17","country":"Mali"},"geometry":{"type":"Point","coordinates":[-4.612,15.47]}},{"type":"Feature","properties":{"weight":1.0,"date":"2026-08-18","country":"Mali"},"geometry":{"type":"Point","coordinates":[-5.669,11.315]}},{"type":"Feature","properties":{"weight":1.0,"date":"2026-08-18","country":"Mali"},"geometry":{"type":"Point","coordinates":[-8.8,13.5]}},{"type":"Feature","properties":{"weight":1.0,"date":"2026-08-18","country":"Mali"},"geometry":{"type":"Point","coordinates":[-5.28,13.072]}},{"type":"Feature","properties":{"weight":1.0,"date":"2026-08-19","country":"Mali"},"geometry":{"type":"Point","coordinates":[-3.896,14.311]}},{"type":"Feature","properties":{"weight":1.0,"date":"2026-08-20","country":"Mali"},"geometry":{"type":"Point","coordinates":[-4.263,15.368]}},{"type":"Feature","properties":{"weight":2.2,"date":"2026-08-26","country":"Mali"},"geometry":{"type":"Point","coordinates":[-2.266,16.839]}},{"type":"Feature","properties":{"weight":1.0,"date":"2026-08-28","country":"Mali"},"geometry":{"type":"Point","coordinates":[-5.54,12.381]}},{"type":"Feature","properties":{"weight":1.0,"date":"2026-08-31","country":"Mali"},"geometry":{"type":"Point","coordinates":[-5.993,14.253]}},{"type":"Feature","properties":{"weight":1.6,"date":"2026-08-31","country":"Mali"},"geometry":{"type":"Point","coordinates":[-4.0,17.0]}},{"type":"Feature","properties":{"weight":1.0,"date":"2026-07-31","country":"Mali"},"geometry":{"type":"Point","coordinates":[-4.0,14.667]}},{"type":"Feature","properties":{"weight":1.0,"date":"2026-07-31","country":"Mali"},"geometry":{"type":"Point","coordinates":[-4.0,14.667]}},{"type":"Feature","properties":{"weight":1.6,"date":"2026-08-21","country":"Mali"},"geometry":{"type":"Point","coordinates":[-3.423,14.895]}},{"type":"Feature","properties":{"weight":1.95,"date":"2026-08-21","country":"Mali"},"geometry":{"type":"Point","coordinates":[-5.9,13.6]}},{"type":"Feature","properties":{"weight":1.0,"date":"2026-08-29","country":"Mali"},"geometry":{"type":"Point","coordinates":[-5.618,13.933]}},{"type":"Feature","properties":{"weight":1.0,"date":"2026-08-31","country":"Mali"},"geometry":{"type":"Point","coordinates":[-5.243,13.878]}},{"type":"Feature","properties":{"weight":1.0,"date":"2026-08-17","country":"Mali"},"geometry":{"type":"Point","coordinates":[3.018,15.428]}},{"type":"Feature","properties":{"weight":1.0,"date":"2026-08-31","country":"Mali"},"geometry":{"type":"Point","coordinates":[2.084,15.893]}},{"type":"Feature","properties":{"weight":1.0,"date":"2026-08-15","country":"Mali"},"geometry":{"type":"Point","coordinates":[-4.064,14.286]}},{"type":"Feature","properties":{"weight":2.4,"date":"2026-08-30","country":"Mali"},"geometry":{"type":"Point","coordinates":[-3.256,14.753]}},{"type":"Feature","properties":{"weight":2.2,"date":"2026-08-01","country":"Mali"},"geometry":{"type":"Point","coordinates":[0.635,20.757]}},{"type":"Feature","properties":{"weight":1.0,"date":"2026-08-04","country":"Mali"},"geometry":{"type":"Point","coordinates":[1.408,18.441]}},{"type":"Feature","properties":{"weight":1.0,"date":"2026-08-05","country":"Mali"},"geometry":{"type":"Point","coordinates":[0.206,17.733]}},{"type":"Feature","properties":{"weight":2.2,"date":"2026-08-06","country":"Mali"},"geometry":{"type":"Point","coordinates":[2.98,19.923]}},{"type":"Feature","properties":{"weight":1.0,"date":"2026-08-08","country":"Mali"},"geometry":{"type":"Point","coordinates":[1.408,18.441]}},{"type":"Feature","properties":{"weight":1.0,"date":"2026-08-09","country":"Mali"},"geometry":{"type":"Point","coordinates":[2.98,19.923]}},{"type":"Feature","properties":{"weight":1.0,"date":"2026-08-09","country":"Mali"},"geometry":{"type":"Point","coordinates":[1.408,18.441]}},{"type":"Feature","properties":{"weight":1.0,"date":"2026-08-09","country":"Mali"},"geometry":{"type":"Point","coordinates":[1.822,19.381]}},{"type":"Feature","properties":{"weight":1.6,"date":"2026-08-16","country":"Mali"},"geometry":{"type":"Point","coordinates":[1.8,20.26]}},{"type":"Feature","properties":{"weight":1.0,"date":"2026-08-16","country":"Mali"},"geometry":{"type":"Point","coordinates":[2.98,19.923]}},{"type":"Feature","properties":{"weight":1.95,"date":"2026-08-19","country":"Mali"},"geometry":{"type":"Point","coordinates":[-3.629,14.5]}},{"type":"Feature","properties":{"weight":1.6,"date":"2026-08-16","country":"Mexico"},"geometry":{"type":"Point","coordinates":[-103.81,19.206]}},{"type":"Feature","properties":{"weight":1.6,"date":"2026-08-22","country":"Mexico"},"geometry":{"type":"Point","coordinates":[-107.602,27.973]}},{"type":"Feature","properties":{"weight":1.95,"date":"2026-08-29","country":"Mexico"},"geometry":{"type":"Point","coordinates":[-99.178,18.881]}},{"type":"Feature","properties":{"weight":1.6,"date":"2026-08-01","country":"Mexico"},"geometry":{"type":"Point","coordinates":[-105.778,22.833]}},{"type":"Feature","properties":{"weight":1.95,"date":"2026-08-01","country":"Mexico"},"geometry":{"type":"Point","coordinates":[-99.398,18.729]}},{"type":"Feature","properties":{"weight":1.6,"date":"2026-08-01","country":"Mexico"},"geometry":{"type":"Point","coordinates":[-99.823,16.874]}},{"type":"Feature","properties":{"weight":1.6,"date":"2026-08-03","country":"Mexico"},"geometry":{"type":"Point","coordinates":[-106.487,31.739]}},{"type":"Feature","properties":{"weight":1.95,"date":"2026-08-03","country":"Mexico"},"geometry":{"type":"Point","coordinates":[-99.128,19.428]}},{"type":"Feature","properties":{"weight":1.6,"date":"2026-08-03","country":"Mexico"},"geometry":{"type":"Point","coordinates":[-99.066,19.617]}},{"type":"Feature","properties":{"weight":1.95,"date":"2026-08-03","country":"Mexico"},"geometry":{"type":"Point","coordinates":[-99.228,18.934]}},{"type":"Feature","properties":{"weight":2.2,"date":"2026-08-05","country":"Mexico"},"geometry":{"type":"Point","coordinates":[-101.001,25.419]}},{"type":"Feature","properties":{"weight":1.6,"date":"2026-08-05","country":"Mexico"},"geometry":{"type":"Point","coordinates":[-99.066,19.617]}},{"type":"Feature","properties":{"weight":1.6,"date":"2026-08-07","country":"Mexico"},"geometry":{"type":"Point","coordinates":[-99.901,16.857]}},{"type":"Feature","properties":{"weight":1.6,"date":"2026-08-09","country":"Mexico"},"geometry":{"type":"Point","coordinates":[-98.64,16.624]}},{"type":"Feature","properties":{"weight":1.6,"date":"2026-08-09","country":"Mexico"},"geometry":{"type":"Point","coordinates":[-99.128,19.428]}},{"type":"Feature","properties":{"weight":1.6,"date":"2026-08-10","country":"Mexico"},"geometry":{"type":"Point","coordinates":[-99.128,19.428]}},{"type":"Feature","properties":{"weight":1.6,"date":"2026-08-10","country":"Mexico"},"geometry":{"type":"Point","coordinates":[-99.12,18.686]}},{"type":"Feature","properties":{"weight":1.6,"date":"2026-08-10","country":"Mexico"},"geometry":{"type":"Point","coordinates":[-99.901,16.857]}},{"type":"Feature","properties":{"weight":1.95,"date":"2026-08-10","country":"Mexico"},"geometry":{"type":"Point","coordinates":[-106.487,31.739]}},{"type":"Feature","properties":{"weight":1.95,"date":"2026-08-11","country":"Mexico"},"geometry":{"type":"Point","coordinates":[-106.487,31.739]}},{"type":"Feature","properties":{"weight":1.6,"date":"2026-08-11","country":"Mexico"},"geometry":{"type":"Point","coordinates":[-106.487,31.739]}},{"type":"Feature","properties":{"weight":1.6,"date":"2026-08-11","country":"Mexico"},"geometry":{"type":"Point","coordinates":[-99.506,17.551]}},{"type":"Feature","properties":{"weight":1.6,"date":"2026-08-11","country":"Mexico"},"geometry":{"type":"Point","coordinates":[-99.506,17.551]}},{"type":"Feature","properties":{"weight":1.6,"date":"2026-08-11","country":"Mexico"},"geometry":{"type":"Point","coordinates":[-92.5,16.5]}},{"type":"Feature","properties":{"weight":1.6,"date":"2026-08-12","country":"Mexico"},"geometry":{"type":"Point","coordinates":[-107.388,24.79]}},{"type":"Feature","properties":{"weight":1.6,"date":"2026-08-12","country":"Mexico"},"geometry":{"type":"Point","coordinates":[-107.388,24.79]}},{"type":"Feature","properties":{"weight":1.6,"date":"2026-08-12","country":"Mexico"},"geometry":{"type":"Point","coordinates":[-106.48,31.342]}},{"type":"Feature","properties":{"weight":1.6,"date":"2026-08-12","country":"Mexico"},"geometry":{"type":"Point","coordinates":[-106.487,31.739]}},{"type":"Feature","properties":{"weight":1.95,"date":"2026-08-15","country":"Mexico"},"geometry":{"type":"Point","coordinates":[-99.901,16.857]}},{"type":"Feature","properties":{"weight":2.2,"date":"2026-08-16","country":"Mexico"},"geometry":{"type":"Point","coordinates":[-104.342,19.117]}},{"type":"Feature","properties":{"weight":1.6,"date":"2026-08-16","country":"Mexico"},"geometry":{"type":"Point","coordinates":[-104.342,19.117]}},{"type":"Feature","properties":{"weight":1.6,"date":"2026-08-16","country":"Mexico"},"geometry":{"type":"Point","coordinates":[-104.342,19.117]}},{"type":"Feature","properties":{"weight":1.6,"date":"2026-08-16","country":"Mexico"},"geometry":{"type":"Point","coordinates":[-103.878,18.917]}},{"type":"Feature","properties":{"weight":1.6,"date":"2026-08-16","country":"Mexico"},"geometry":{"type":"Point","coordinates":[-103.878,18.917]}},{"type":"Feature","properties":{"weight":1.6,"date":"2026-08-16","country":"Mexico"},"geometry":{"type":"Point","coordinates":[-103.727,19.25]}},{"type":"Feature","properties":{"weight":1.6,"date":"2026-08-16","country":"Mexico"},"geometry":{"type":"Point","coordinates":[-103.738,19.26]}},{"type":"Feature","properties":{"weight":1.95,"date":"2026-08-16","country":"Mexico"},"geometry":{"type":"Point","coordinates":[-99.539,18.349]}},{"type":"Feature","properties":{"weight":1.6,"date":"2026-08-17","country":"Mexico"},"geometry":{"type":"Point","coordinates":[-106.487,31.739]}},{"type":"Feature","properties":{"weight":1.6,"date":"2026-08-17","country":"Mexico"},"geometry":{"type":"Point","coordinates":[-106.487,31.739]}},{"type":"Feature","properties":{"weight":1.6,"date":"2026-08-17","country":"Mexico"},"geometry":{"type":"Point","coordinates":[-106.487,31.739]}},{"type":"Feature","properties":{"weight":1.6,"date":"2026-08-17","country":"Mexico"},"geometry":{"type":"Point","coordinates":[-99.128,19.428]}},{"type":"Feature","properties":{"weight":1.6,"date":"2026-08-18","country":"Mexico"},"geometry":{"type":"Point","coordinates":[-99.128,19.428]}},{"type":"Feature","properties":{"weight":2.4,"date":"2026-08-18","country":"Mexico"},"geometry":{"type":"Point","coordinates":[-98.58,17.54]}},{"type":"Feature","properties":{"weight":1.6,"date":"2026-08-19","country":"Mexico"},"geometry":{"type":"Point","coordinates":[-99.128,19.428]}},{"type":"Feature","properties":{"weight":1.6,"date":"2026-08-19","country":"Mexico"},"geometry":{"type":"Point","coordinates":[-99.506,17.551]}},{"type":"Feature","properties":{"weight":1.6,"date":"2026-08-19","country":"Mexico"},"geometry":{"type":"Point","coordinates":[-106.487,31.739]}},{"type":"Feature","properties":{"weight":1.6,"date":"2026-08-20","country":"Mexico"},"geometry":{"type":"Point","coordinates":[-99.24,19.479]}},{"type":"Feature","properties":{"weight":2.4,"date":"2026-08-21","country":"Mexico"},"geometry":{"type":"Point","coordinates":[-99.901,16.857]}},{"type":"Feature","properties":{"weight":1.6,"date":"2026-08-21","country":"Mexico"},"geometry":{"type":"Point","coordinates":[-99.901,16.857]}},{"type":"Feature","properties":{"weight":1.95,"date":"2026-08-22","country":"Mexico"},"geometry":{"type":"Point","coordinates":[-99.176,17.595]}},{"type":"Feature","properties":{"weight":1.6,"date":"2026-08-22","country":"Mexico"},"geometry":{"type":"Point","coordinates":[-107.388,24.79]}},{"type":"Feature","properties":{"weight":1.6,"date":"2026-08-23","country":"Mexico"},"geometry":{"type":"Point","coordinates":[-99.128,19.428]}},{"type":"Feature","properties":{"weight":1.6,"date":"2026-08-23","country":"Mexico"},"geometry":{"type":"Point","coordinates":[-99.901,16.857]}},{"type":"Feature","properties":{"weight":1.6,"date":"2026-08-23","country":"Mexico"},"geometry":{"type":"Point","coordinates":[-99.901,16.857]}},{"type":"Feature","properties":{"weight":1.6,"date":"2026-08-23","country":"Mexico"},"geometry":{"type":"Point","coordinates":[-99.901,16.857]}},{"type":"Feature","properties":{"weight":1.6,"date":"2026-08-24","country":"Mexico"},"geometry":{"type":"Point","coordinates":[-99.901,16.857]}},{"type":"Feature","properties":{"weight":1.6,"date":"2026-08-24","country":"Mexico"},"geometry":{"type":"Point","coordinates":[-106.487,31.739]}},{"type":"Feature","properties":{"weight":1.6,"date":"2026-08-25","country":"Mexico"},"geometry":{"type":"Point","coordinates":[-106.487,31.739]}},{"type":"Feature","properties":{"weight":1.6,"date":"2026-08-25","country":"Mexico"},"geometry":{"type":"Point","coordinates":[-106.487,31.739]}},{"type":"Feature","properties":{"weight":1.6,"date":"2026-08-25","country":"Mexico"},"geometry":{"type":"Point","coordinates":[-106.487,31.739]}},{"type":"Feature","properties":{"weight":2.2,"date":"2026-08-25","country":"Mexico"},"geometry":{"type":"Point","coordinates":[-99.506,17.551]}},{"type":"Feature","properties":{"weight":1.6,"date":"2026-08-25","country":"Mexico"},"geometry":{"type":"Point","coordinates":[-99.901,16.857]}},{"type":"Feature","properties":{"weight":1.6,"date":"2026-08-25","country":"Mexico"},"geometry":{"type":"Point","coordinates":[-99.176,17.595]}},{"type":"Feature","properties":{"weight":1.6,"date":"2026-08-25","country":"Mexico"},"geometry":{"type":"Point","coordinates":[-99.128,19.428]}},{"type":"Feature","properties":{"weight":1.6,"date":"2026-08-26","country":"Mexico"},"geometry":{"type":"Point","coordinates":[-99.128,19.428]}},{"type":"Feature","properties":{"weight":1.6,"date":"2026-08-26","country":"Mexico"},"geometry":{"type":"Point","coordinates":[-99.176,17.595]}},{"type":"Feature","properties":{"weight":2.69,"date":"2026-08-27","country":"Mexico"},"geometry":{"type":"Point","coordinates":[-100.39,18.161]}},{"type":"Feature","properties":{"weight":1.95,"date":"2026-08-28","country":"Mexico"},"geometry":{"type":"Point","coordinates":[-99.067,18.882]}},{"type":"Feature","properties":{"weight":1.6,"date":"2026-08-29","country":"Mexico"},"geometry":{"type":"Point","coordinates":[-99.0,18.75]}},{"type":"Feature","properties":{"weight":1.6,"date":"2026-08-29","country":"Mexico"},"geometry":{"type":"Point","coordinates":[-98.817,16.583]}},{"type":"Feature","properties":{"weight":1.95,"date":"2026-08-29","country":"Mexico"},"geometry":{"type":"Point","coordinates":[-106.487,31.739]}},{"type":"Feature","properties":{"weight":1.6,"date":"2026-08-29","country":"Mexico"},"geometry":{"type":"Point","coordinates":[-106.487,31.739]}},{"type":"Feature","properties":{"weight":1.6,"date":"2026-08-29","country":"Mexico"},"geometry":{"type":"Point","coordinates":[-106.487,31.739]}},{"type":"Feature","properties":{"weight":1.6,"date":"2026-08-30","country":"Mexico"},"geometry":{"type":"Point","coordinates":[-99.228,18.934]}},{"type":"Feature","properties":{"weight":1.6,"date":"2026-08-30","country":"Mexico"},"geometry":{"type":"Point","coordinates":[-99.185,18.841]}},{"type":"Feature","properties":{"weight":1.6,"date":"2026-08-30","country":"Mexico"},"geometry":{"type":"Point","coordinates":[-99.0,18.75]}},{"type":"Feature","properties":{"weight":1.6,"date":"2026-08-31","country":"Mexico"},"geometry":{"type":"Point","coordinates":[-106.487,31.739]}},{"type":"Feature","properties":{"weight":1.6,"date":"2026-08-31","country":"Mexico"},"geometry":{"type":"Point","coordinates":[-99.901,16.857]}},{"type":"Feature","properties":{"weight":1.6,"date":"2026-08-12","country":"Mexico"},"geometry":{"type":"Point","coordinates":[-107.388,24.79]}},{"type":"Feature","properties":{"weight":1.6,"date":"2026-08-16","country":"Mexico"},"geometry":{"type":"Point","coordinates":[-107.5,25.0]}},{"type":"Feature","properties":{"weight":1.6,"date":"2026-08-21","country":"Mexico"},"geometry":{"type":"Point","coordinates":[-107.702,24.766]}},{"type":"Feature","properties":{"weight":1.6,"date":"2026-08-22","country":"Mexico"},"geometry":{"type":"Point","coordinates":[-107.388,24.79]}},{"type":"Feature","properties":{"weight":1.6,"date":"2026-08-31","country":"Mexico"},"geometry":{"type":"Point","coordinates":[-107.388,24.79]}},{"type":"Feature","properties":{"weight":1.6,"date":"2026-08-05","country":"Mexico"},"geometry":{"type":"Point","coordinates":[-107.388,24.79]}},{"type":"Feature","properties":{"weight":1.6,"date":"2026-08-05","country":"Mexico"},"geometry":{"type":"Point","coordinates":[-99.185,18.841]}},{"type":"Feature","properties":{"weight":1.95,"date":"2026-08-08","country":"Mexico"},"geometry":{"type":"Point","coordinates":[-101.184,19.701]}},{"type":"Feature","properties":{"weight":1.6,"date":"2026-08-12","country":"Mexico"},"geometry":{"type":"Point","coordinates":[-100.979,22.15]}},{"type":"Feature","properties":{"weight":1.6,"date":"2026-08-12","country":"Mexico"},"geometry":{"type":"Point","coordinates":[-107.388,24.79]}},{"type":"Feature","properties":{"weight":1.6,"date":"2026-08-16","country":"Mexico"},"geometry":{"type":"Point","coordinates":[-117.004,32.503]}},{"type":"Feature","properties":{"weight":1.6,"date":"2026-08-19","country":"Mexico"},"geometry":{"type":"Point","coordinates":[-99.24,19.479]}},{"type":"Feature","properties":{"weight":1.6,"date":"2026-08-21","country":"Mexico"},"geometry":{"type":"Point","coordinates":[-99.506,17.551]}},{"type":"Feature","properties":{"weight":1.6,"date":"2026-08-24","country":"Mexico"},"geometry":{"type":"Point","coordinates":[-99.433,18.744]}},{"type":"Feature","properties":{"weight":1.6,"date":"2026-08-26","country":"Mexico"},"geometry":{"type":"Point","coordinates":[-98.78,17.425]}},{"type":"Feature","properties":{"weight":1.6,"date":"2026-08-23","country":"Mexico"},"geometry":{"type":"Point","coordinates":[-102.07,19.5]}},{"type":"Feature","properties":{"weight":1.95,"date":"2026-08-27","country":"Mexico"},"geometry":{"type":"Point","coordinates":[-101.833,19.167]}},{"type":"Feature","properties":{"weight":1.6,"date":"2026-08-27","country":"Mexico"},"geometry":{"type":"Point","coordinates":[-101.458,19.235]}},{"type":"Feature","properties":{"weight":1.0,"date":"2026-08-01","country":"Mexico"},"geometry":{"type":"Point","coordinates":[-100.923,21.152]}},{"type":"Feature","properties":{"weight":1.0,"date":"2026-08-01","country":"Mexico"},"geometry":{"type":"Point","coordinates":[-100.923,21.152]}},{"type":"Feature","properties":{"weight":1.0,"date":"2026-08-02","country":"Mexico"},"geometry":{"type":"Point","coordinates":[-101.13,20.211]}},{"type":"Feature","properties":{"weight":1.0,"date":"2026-08-02","country":"Mexico"},"geometry":{"type":"Point","coordinates":[-100.722,20.03]}},{"type":"Feature","properties":{"weight":1.0,"date":"2026-08-02","country":"Mexico"},"geometry":{"type":"Point","coordinates":[-101.356,20.677]}},{"type":"Feature","properties":{"weight":1.0,"date":"2026-08-02","country":"Mexico"},"geometry":{"type":"Point","coordinates":[-101.13,20.211]}},{"type":"Feature","properties":{"weight":1.0,"date":"2026-08-02","country":"Mexico"},"geometry":{"type":"Point","coordinates":[-100.722,20.03]}},{"type":"Feature","properties":{"weight":1.0,"date":"2026-08-03","country":"Mexico"},"geometry":{"type":"Point","coordinates":[-101.356,20.677]}},{"type":"Feature","properties":{"weight":1.0,"date":"2026-08-03","country":"Mexico"},"geometry":{"type":"Point","coordinates":[-101.356,20.677]}},{"type":"Feature","properties":{"weight":1.6,"date":"2026-08-08","country":"Mexico"},"geometry":{"type":"Point","coordinates":[-101.356,20.677]}},{"type":"Feature","properties":{"weight":1.0,"date":"2026-08-09","country":"Mexico"},"geometry":{"type":"Point","coordinates":[-101.356,20.677]}},{"type":"Feature","properties":{"weight":1.0,"date":"2026-08-10","country":"Mexico"},"geometry":{"type":"Point","coordinates":[-100.741,20.058]}},{"type":"Feature","properties":{"weight":1.0,"date":"2026-08-10","country":"Mexico"},"geometry":{"type":"Point","coordinates":[-100.879,20.212]}},{"type":"Feature","properties":{"weight":1.0,"date":"2026-08-11","country":"Mexico"},"geometry":{"type":"Point","coordinates":[-101.356,20.677]}},{"type":"Feature","properties":{"weight":1.0,"date":"2026-08-13","country":"Mexico"},"geometry":{"type":"Point","coordinates":[-101.398,20.616]}},{"type":"Feature","properties":{"weight":1.95,"date":"2026-08-16","country":"Mexico"},"geometry":{"type":"Point","coordinates":[-101.368,20.52]}},{"type":"Feature","properties":{"weight":1.0,"date":"2026-08-19","country":"Mexico"},"geometry":{"type":"Point","coordinates":[-101.356,20.677]}},{"type":"Feature","properties":{"weight":1.0,"date":"2026-08-19","country":"Mexico"},"geometry":{"type":"Point","coordinates":[-100.816,20.524]}},{"type":"Feature","properties":{"weight":2.4,"date":"2026-08-19","country":"Mexico"},"geometry":{"type":"Point","coordinates":[-101.372,20.676]}},{"type":"Feature","properties":{"weight":2.4,"date":"2026-08-20","country":"Mexico"},"geometry":{"type":"Point","coordinates":[-101.294,20.691]}},{"type":"Feature","properties":{"weight":1.0,"date":"2026-08-20","country":"Mexico"},"geometry":{"type":"Point","coordinates":[-101.356,20.677]}},{"type":"Feature","properties":{"weight":1.0,"date":"2026-08-23","country":"Mexico"},"geometry":{"type":"Point","coordinates":[-101.372,20.676]}},{"type":"Feature","properties":{"weight":1.0,"date":"2026-08-23","country":"Mexico"},"geometry":{"type":"Point","coordinates":[-100.816,20.524]}},{"type":"Feature","properties":{"weight":1.0,"date":"2026-08-24","country":"Mexico"},"geometry":{"type":"Point","coordinates":[-101.356,20.677]}},{"type":"Feature","properties":{"weight":2.2,"date":"2026-08-25","country":"Mexico"},"geometry":{"type":"Point","coordinates":[-101.356,20.677]}},{"type":"Feature","properties":{"weight":1.6,"date":"2026-08-25","country":"Mexico"},"geometry":{"type":"Point","coordinates":[-100.816,20.524]}},{"type":"Feature","properties":{"weight":1.95,"date":"2026-08-26","country":"Mexico"},"geometry":{"type":"Point","coordinates":[-101.226,20.183]}},{"type":"Feature","properties":{"weight":1.0,"date":"2026-08-28","country":"Mexico"},"geometry":{"type":"Point","coordinates":[-100.722,20.03]}},{"type":"Feature","properties":{"weight":1.0,"date":"2026-08-30","country":"Mexico"},"geometry":{"type":"Point","coordinates":[-101.356,20.677]}},{"type":"Feature","properties":{"weight":1.0,"date":"2026-08-30","country":"Mexico"},"geometry":{"type":"Point","coordinates":[-101.356,20.677]}},{"type":"Feature","properties":{"weight":1.0,"date":"2026-08-31","country":"Mexico"},"geometry":{"type":"Point","coordinates":[-101.356,20.677]}},{"type":"Feature","properties":{"weight":1.0,"date":"2026-08-31","country":"Mexico"},"geometry":{"type":"Point","coordinates":[-100.816,20.524]}},{"type":"Feature","properties":{"weight":2.2,"date":"2026-07-31","country":"Mexico"},"geometry":{"type":"Point","coordinates":[-107.5,25.0]}},{"type":"Feature","properties":{"weight":1.6,"date":"2026-08-01","country":"Mexico"},"geometry":{"type":"Point","coordinates":[-105.73,22.739]}},{"type":"Feature","properties":{"weight":1.6,"date":"2026-08-01","country":"Mexico"},"geometry":{"type":"Point","coordinates":[-107.545,24.657]}},{"type":"Feature","properties":{"weight":1.6,"date":"2026-08-01","country":"Mexico"},"geometry":{"type":"Point","coordinates":[-107.388,24.79]}},{"type":"Feature","properties":{"weight":1.6,"date":"2026-08-01","country":"Mexico"},"geometry":{"type":"Point","coordinates":[-105.73,22.739]}},{"type":"Feature","properties":{"weight":1.6,"date":"2026-08-02","country":"Mexico"},"geometry":{"type":"Point","coordinates":[-107.388,24.79]}},{"type":"Feature","properties":{"weight":1.6,"date":"2026-08-02","country":"Mexico"},"geometry":{"type":"Point","coordinates":[-107.349,24.943]}},{"type":"Feature","properties":{"weight":1.6,"date":"2026-08-02","country":"Mexico"},"geometry":{"type":"Point","coordinates":[-105.73,22.739]}},{"type":"Feature","properties":{"weight":1.6,"date":"2026-08-03","country":"Mexico"},"geometry":{"type":"Point","coordinates":[-102.99,22.649]}},{"type":"Feature","properties":{"weight":1.95,"date":"2026-08-04","country":"Mexico"},"geometry":{"type":"Point","coordinates":[-107.388,24.79]}},{"type":"Feature","properties":{"weight":1.6,"date":"2026-08-04","country":"Mexico"},"geometry":{"type":"Point","coordinates":[-107.388,24.79]}},{"type":"Feature","properties":{"weight":1.6,"date":"2026-08-05","country":"Mexico"},"geometry":{"type":"Point","coordinates":[-107.388,24.79]}},{"type":"Feature","properties":{"weight":1.6,"date":"2026-08-05","country":"Mexico"},"geometry":{"type":"Point","coordinates":[-107.388,24.79]}},{"type":"Feature","properties":{"weight":1.6,"date":"2026-08-06","country":"Mexico"},"geometry":{"type":"Point","coordinates":[-107.388,24.79]}},{"type":"Feature","properties":{"weight":1.6,"date":"2026-08-06","country":"Mexico"},"geometry":{"type":"Point","coordinates":[-107.191,24.277]}},{"type":"Feature","properties":{"weight":1.6,"date":"2026-08-06","country":"Mexico"},"geometry":{"type":"Point","coordinates":[-106.002,23.363]}},{"type":"Feature","properties":{"weight":1.6,"date":"2026-08-07","country":"Mexico"},"geometry":{"type":"Point","coordinates":[-107.388,24.79]}},{"type":"Feature","properties":{"weight":1.6,"date":"2026-08-07","country":"Mexico"},"geometry":{"type":"Point","coordinates":[-105.778,22.833]}},{"type":"Feature","properties":{"weight":1.6,"date":"2026-08-08","country":"Mexico"},"geometry":{"type":"Point","coordinates":[-107.5,25.0]}},{"type":"Feature","properties":{"weight":2.4,"date":"2026-08-08","country":"Mexico"},"geometry":{"type":"Point","coordinates":[-104.833,24.833]}},{"type":"Feature","properties":{"weight":1.6,"date":"2026-08-09","country":"Mexico"},"geometry":{"type":"Point","coordinates":[-106.406,23.233]}},{"type":"Feature","properties":{"weight":1.95,"date":"2026-08-10","country":"Mexico"},"geometry":{"type":"Point","coordinates":[-107.551,25.365]}},{"type":"Feature","properties":{"weight":2.4,"date":"2026-08-10","country":"Mexico"},"geometry":{"type":"Point","coordinates":[-106.002,23.363]}},{"type":"Feature","properties":{"weight":1.6,"date":"2026-08-10","country":"Mexico"},"geometry":{"type":"Point","coordinates":[-103.0,23.0]}},{"type":"Feature","properties":{"weight":1.6,"date":"2026-08-11","country":"Mexico"},"geometry":{"type":"Point","coordinates":[-107.388,24.79]}},{"type":"Feature","properties":{"weight":1.95,"date":"2026-08-11","country":"Mexico"},"geometry":{"type":"Point","coordinates":[-107.388,24.79]}},{"type":"Feature","properties":{"weight":1.6,"date":"2026-08-12","country":"Mexico"},"geometry":{"type":"Point","coordinates":[-107.5,25.0]}},{"type":"Feature","properties":{"weight":1.6,"date":"2026-08-13","country":"Mexico"},"geometry":{"type":"Point","coordinates":[-106.42,23.22]}},{"type":"Feature","properties":{"weight":2.2,"date":"2026-08-13","country":"Mexico"},"geometry":{"type":"Point","coordinates":[-107.388,24.79]}},{"type":"Feature","properties":{"weight":1.6,"date":"2026-08-14","country":"Mexico"},"geometry":{"type":"Point","coordinates":[-107.388,24.79]}},{"type":"Feature","properties":{"weight":1.0,"date":"2026-08-14","country":"Mexico"},"geometry":{"type":"Point","coordinates":[-107.388,24.79]}},{"type":"Feature","properties":{"weight":1.6,"date":"2026-08-15","country":"Mexico"},"geometry":{"type":"Point","coordinates":[-107.388,24.79]}},{"type":"Feature","properties":{"weight":1.6,"date":"2026-08-15","country":"Mexico"},"geometry":{"type":"Point","coordinates":[-107.452,24.724]}},{"type":"Feature","properties":{"weight":1.95,"date":"2026-08-15","country":"Mexico"},"geometry":{"type":"Point","coordinates":[-108.223,25.822]}},{"type":"Feature","properties":{"weight":1.95,"date":"2026-08-15","country":"Mexico"},"geometry":{"type":"Point","coordinates":[-104.896,21.509]}},{"type":"Feature","properties":{"weight":1.6,"date":"2026-08-16","country":"Mexico"},"geometry":{"type":"Point","coordinates":[-107.191,24.277]}},{"type":"Feature","properties":{"weight":1.6,"date":"2026-08-17","country":"Mexico"},"geometry":{"type":"Point","coordinates":[-102.998,22.687]}},{"type":"Feature","properties":{"weight":1.0,"date":"2026-08-19","country":"Mexico"},"geometry":{"type":"Point","coordinates":[-107.388,24.79]}},{"type":"Feature","properties":{"weight":1.6,"date":"2026-08-19","country":"Mexico"},"geometry":{"type":"Point","coordinates":[-107.564,24.766]}},{"type":"Feature","properties":{"weight":2.4,"date":"2026-08-20","country":"Mexico"},"geometry":{"type":"Point","coordinates":[-106.42,23.22]}},{"type":"Feature","properties":{"weight":1.95,"date":"2026-08-21","country":"Mexico"},"geometry":{"type":"Point","coordinates":[-102.99,22.649]}},{"type":"Feature","properties":{"weight":1.95,"date":"2026-08-22","country":"Mexico"},"geometry":{"type":"Point","coordinates":[-107.388,24.79]}},{"type":"Feature","properties":{"weight":1.6,"date":"2026-08-22","country":"Mexico"},"geometry":{"type":"Point","coordinates":[-107.388,24.79]}},{"type":"Feature","properties":{"weight":1.95,"date":"2026-08-22","country":"Mexico"},"geometry":{"type":"Point","coordinates":[-107.388,24.79]}},{"type":"Feature","properties":{"weight":1.6,"date":"2026-08-24","country":"Mexico"},"geometry":{"type":"Point","coordinates":[-107.5,25.0]}},{"type":"Feature","properties":{"weight":1.6,"date":"2026-08-25","country":"Mexico"},"geometry":{"type":"Point","coordinates":[-106.219,23.19]}},{"type":"Feature","properties":{"weight":1.6,"date":"2026-08-25","country":"Mexico"},"geometry":{"type":"Point","coordinates":[-107.5,25.0]}},{"type":"Feature","properties":{"weight":1.6,"date":"2026-08-25","country":"Mexico"},"geometry":{"type":"Point","coordinates":[-106.406,23.233]}},{"type":"Feature","properties":{"weight":1.95,"date":"2026-08-27","country":"Mexico"},"geometry":{"type":"Point","coordinates":[-107.388,24.79]}},{"type":"Feature","properties":{"weight":1.6,"date":"2026-08-27","country":"Mexico"},"geometry":{"type":"Point","coordinates":[-107.388,24.79]}},{"type":"Feature","properties":{"weight":1.6,"date":"2026-08-28","country":"Mexico"},"geometry":{"type":"Point","coordinates":[-107.388,24.79]}},{"type":"Feature","properties":{"weight":1.6,"date":"2026-08-29","country":"Mexico"},"geometry":{"type":"Point","coordinates":[-107.5,25.0]}},{"type":"Feature","properties":{"weight":1.6,"date":"2026-08-30","country":"Mexico"},"geometry":{"type":"Point","coordinates":[-107.388,24.79]}},{"type":"Feature","properties":{"weight":1.6,"date":"2026-08-30","country":"Mexico"},"geometry":{"type":"Point","coordinates":[-106.219,23.19]}},{"type":"Feature","properties":{"weight":2.2,"date":"2026-07-31","country":"Mozambique"},"geometry":{"type":"Point","coordinates":[40.136,-13.137]}},{"type":"Feature","properties":{"weight":2.56,"date":"2026-08-11","country":"Mozambique"},"geometry":{"type":"Point","coordinates":[40.092,-11.769]}},{"type":"Feature","properties":{"weight":3.51,"date":"2026-08-01","country":"Mozambique"},"geometry":{"type":"Point","coordinates":[38.329,-12.487]}},{"type":"Feature","properties":{"weight":1.0,"date":"2026-08-01","country":"Mozambique"},"geometry":{"type":"Point","coordinates":[40.437,-11.931]}},{"type":"Feature","properties":{"weight":2.2,"date":"2026-08-14","country":"Myanmar (Burma)"},"geometry":{"type":"Point","coordinates":[94.45,19.932]}},{"type":"Feature","properties":{"weight":1.0,"date":"2026-08-01","country":"Myanmar (Burma)"},"geometry":{"type":"Point","coordinates":[93.602,22.641]}},{"type":"Feature","properties":{"weight":1.6,"date":"2026-08-04","country":"Myanmar (Burma)"},"geometry":{"type":"Point","coordinates":[95.752,18.287]}},{"type":"Feature","properties":{"weight":2.4,"date":"2026-08-09","country":"Myanmar (Burma)"},"geometry":{"type":"Point","coordinates":[96.481,25.68]}},{"type":"Feature","properties":{"weight":2.2,"date":"2026-08-16","country":"Myanmar (Burma)"},"geometry":{"type":"Point","coordinates":[94.994,20.979]}},{"type":"Feature","properties":{"weight":2.69,"date":"2026-08-01","country":"Myanmar (Burma)"},"geometry":{"type":"Point","coordinates":[94.25,19.0]}},{"type":"Feature","properties":{"weight":1.95,"date":"2026-08-05","country":"Myanmar (Burma)"},"geometry":{"type":"Point","coordinates":[94.755,17.152]}},{"type":"Feature","properties":{"weight":1.95,"date":"2026-08-08","country":"Myanmar (Burma)"},"geometry":{"type":"Point","coordinates":[94.079,19.475]}},{"type":"Feature","properties":{"weight":3.46,"date":"2026-08-10","country":"Myanmar (Burma)"},"geometry":{"type":"Point","coordinates":[94.341,18.467]}},{"type":"Feature","properties":{"weight":1.6,"date":"2026-08-12","country":"Myanmar (Burma)"},"geometry":{"type":"Point","coordinates":[93.104,21.296]}},{"type":"Feature","properties":{"weight":2.91,"date":"2026-08-13","country":"Myanmar (Burma)"},"geometry":{"type":"Point","coordinates":[94.49,18.006]}},{"type":"Feature","properties":{"weight":1.0,"date":"2026-08-15","country":"Myanmar (Burma)"},"geometry":{"type":"Point","coordinates":[94.322,19.849]}},{"type":"Feature","properties":{"weight":1.95,"date":"2026-08-16","country":"Myanmar (Burma)"},"geometry":{"type":"Point","coordinates":[94.366,18.465]}},{"type":"Feature","properties":{"weight":1.6,"date":"2026-08-19","country":"Myanmar (Burma)"},"geometry":{"type":"Point","coordinates":[94.441,19.857]}},{"type":"Feature","properties":{"weight":1.0,"date":"2026-08-21","country":"Myanmar (Burma)"},"geometry":{"type":"Point","coordinates":[94.341,18.467]}},{"type":"Feature","properties":{"weight":2.56,"date":"2026-08-24","country":"Myanmar (Burma)"},"geometry":{"type":"Point","coordinates":[92.919,21.213]}},{"type":"Feature","properties":{"weight":1.95,"date":"2026-08-26","country":"Myanmar (Burma)"},"geometry":{"type":"Point","coordinates":[92.778,21.725]}},{"type":"Feature","properties":{"weight":1.6,"date":"2026-08-03","country":"Myanmar (Burma)"},"geometry":{"type":"Point","coordinates":[96.601,23.477]}},{"type":"Feature","properties":{"weight":3.41,"date":"2026-06-11","country":"Myanmar (Burma)"},"geometry":{"type":"Point","coordinates":[96.765,24.214]}},{"type":"Feature","properties":{"weight":1.6,"date":"2026-08-01","country":"Myanmar (Burma)"},"geometry":{"type":"Point","coordinates":[94.789,22.37]}},{"type":"Feature","properties":{"weight":2.56,"date":"2026-08-04","country":"Myanmar (Burma)"},"geometry":{"type":"Point","coordinates":[97.064,19.263]}},{"type":"Feature","properties":{"weight":1.6,"date":"2026-08-05","country":"Myanmar (Burma)"},"geometry":{"type":"Point","coordinates":[97.417,17.739]}},{"type":"Feature","properties":{"weight":1.6,"date":"2026-08-06","country":"Myanmar (Burma)"},"geometry":{"type":"Point","coordinates":[97.377,18.068]}},{"type":"Feature","properties":{"weight":1.6,"date":"2026-08-06","country":"Myanmar (Burma)"},"geometry":{"type":"Point","coordinates":[97.047,19.531]}},{"type":"Feature","properties":{"weight":1.0,"date":"2026-08-08","country":"Myanmar (Burma)"},"geometry":{"type":"Point","coordinates":[96.712,26.51]}},{"type":"Feature","properties":{"weight":1.95,"date":"2026-08-08","country":"Myanmar (Burma)"},"geometry":{"type":"Point","coordinates":[94.659,21.689]}},{"type":"Feature","properties":{"weight":1.95,"date":"2026-08-10","country":"Myanmar (Burma)"},"geometry":{"type":"Point","coordinates":[94.527,20.68]}},{"type":"Feature","properties":{"weight":2.2,"date":"2026-08-10","country":"Myanmar (Burma)"},"geometry":{"type":"Point","coordinates":[96.593,17.733]}},{"type":"Feature","properties":{"weight":1.6,"date":"2026-08-11","country":"Myanmar (Burma)"},"geometry":{"type":"Point","coordinates":[94.527,20.68]}},{"type":"Feature","properties":{"weight":1.95,"date":"2026-08-11","country":"Myanmar (Burma)"},"geometry":{"type":"Point","coordinates":[97.295,19.711]}},{"type":"Feature","properties":{"weight":1.6,"date":"2026-08-11","country":"Myanmar (Burma)"},"geometry":{"type":"Point","coordinates":[94.771,24.345]}},{"type":"Feature","properties":{"weight":1.6,"date":"2026-08-14","country":"Myanmar (Burma)"},"geometry":{"type":"Point","coordinates":[96.025,22.399]}},{"type":"Feature","properties":{"weight":2.2,"date":"2026-08-15","country":"Myanmar (Burma)"},"geometry":{"type":"Point","coordinates":[94.215,21.222]}},{"type":"Feature","properties":{"weight":1.6,"date":"2026-08-16","country":"Myanmar (Burma)"},"geometry":{"type":"Point","coordinates":[96.021,22.383]}},{"type":"Feature","properties":{"weight":1.95,"date":"2026-08-16","country":"Myanmar (Burma)"},"geometry":{"type":"Point","coordinates":[95.324,23.958]}},{"type":"Feature","properties":{"weight":1.6,"date":"2026-08-17","country":"Myanmar (Burma)"},"geometry":{"type":"Point","coordinates":[96.857,18.346]}},{"type":"Feature","properties":{"weight":1.6,"date":"2026-08-18","country":"Myanmar (Burma)"},"geometry":{"type":"Point","coordinates":[95.82,22.261]}},{"type":"Feature","properties":{"weight":2.69,"date":"2026-08-18","country":"Myanmar (Burma)"},"geometry":{"type":"Point","coordinates":[95.357,23.955]}},{"type":"Feature","properties":{"weight":1.6,"date":"2026-08-19","country":"Myanmar (Burma)"},"geometry":{"type":"Point","coordinates":[96.994,17.42]}},{"type":"Feature","properties":{"weight":1.95,"date":"2026-08-19","country":"Myanmar (Burma)"},"geometry":{"type":"Point","coordinates":[95.344,21.794]}},{"type":"Feature","properties":{"weight":1.95,"date":"2026-08-20","country":"Myanmar (Burma)"},"geometry":{"type":"Point","coordinates":[95.708,23.304]}},{"type":"Feature","properties":{"weight":1.6,"date":"2026-08-21","country":"Myanmar (Burma)"},"geometry":{"type":"Point","coordinates":[96.765,24.214]}},{"type":"Feature","properties":{"weight":3.41,"date":"2026-08-21","country":"Myanmar (Burma)"},"geometry":{"type":"Point","coordinates":[95.344,21.794]}},{"type":"Feature","properties":{"weight":1.6,"date":"2026-08-22","country":"Myanmar (Burma)"},"geometry":{"type":"Point","coordinates":[95.767,22.301]}},{"type":"Feature","properties":{"weight":2.4,"date":"2026-08-23","country":"Myanmar (Burma)"},"geometry":{"type":"Point","coordinates":[96.822,24.209]}},{"type":"Feature","properties":{"weight":1.6,"date":"2026-08-23","country":"Myanmar (Burma)"},"geometry":{"type":"Point","coordinates":[96.765,24.214]}},{"type":"Feature","properties":{"weight":2.2,"date":"2026-08-25","country":"Myanmar (Burma)"},"geometry":{"type":"Point","coordinates":[96.746,17.504]}},{"type":"Feature","properties":{"weight":1.0,"date":"2026-08-30","country":"Myanmar (Burma)"},"geometry":{"type":"Point","coordinates":[93.762,21.44]}},{"type":"Feature","properties":{"weight":1.0,"date":"2026-08-04","country":"Niger"},"geometry":{"type":"Point","coordinates":[1.203,13.427]}},{"type":"Feature","properties":{"weight":1.0,"date":"2026-08-05","country":"Niger"},"geometry":{"type":"Point","coordinates":[1.121,14.583]}},{"type":"Feature","properties":{"weight":1.0,"date":"2026-08-06","country":"Niger"},"geometry":{"type":"Point","coordinates":[2.083,14.333]}},{"type":"Feature","properties":{"weight":1.0,"date":"2026-08-06","country":"Niger"},"geometry":{"type":"Point","coordinates":[5.087,13.796]}},{"type":"Feature","properties":{"weight":1.0,"date":"2026-08-06","country":"Niger"},"geometry":{"type":"Point","coordinates":[3.535,12.181]}},{"type":"Feature","properties":{"weight":2.69,"date":"2026-08-29","country":"Niger"},"geometry":{"type":"Point","coordinates":[2.117,13.517]}},{"type":"Feature","properties":{"weight":2.4,"date":"2026-08-22","country":"Niger"},"geometry":{"type":"Point","coordinates":[12.366,13.421]}},{"type":"Feature","properties":{"weight":2.56,"date":"2026-08-23","country":"Niger"},"geometry":{"type":"Point","coordinates":[13.293,13.676]}},{"type":"Feature","properties":{"weight":2.69,"date":"2026-08-23","country":"Niger"},"geometry":{"type":"Point","coordinates":[7.25,14.25]}},{"type":"Feature","properties":{"weight":3.56,"date":"2026-08-21","country":"Niger"},"geometry":{"type":"Point","coordinates":[3.409,12.77]}},{"type":"Feature","properties":{"weight":2.2,"date":"2026-08-15","country":"Niger"},"geometry":{"type":"Point","coordinates":[12.967,20.196]}},{"type":"Feature","properties":{"weight":1.95,"date":"2026-08-01","country":"Nigeria"},"geometry":{"type":"Point","coordinates":[6.576,12.562]}},{"type":"Feature","properties":{"weight":1.95,"date":"2026-08-02","country":"Nigeria"},"geometry":{"type":"Point","coordinates":[5.557,8.312]}},{"type":"Feature","properties":{"weight":1.95,"date":"2026-08-04","country":"Nigeria"},"geometry":{"type":"Point","coordinates":[8.685,9.568]}},{"type":"Feature","properties":{"weight":1.6,"date":"2026-08-05","country":"Nigeria"},"geometry":{"type":"Point","coordinates":[9.645,7.63]}},{"type":"Feature","properties":{"weight":1.6,"date":"2026-08-05","country":"Nigeria"},"geometry":{"type":"Point","coordinates":[13.222,11.692]}},{"type":"Feature","properties":{"weight":1.95,"date":"2026-08-05","country":"Nigeria"},"geometry":{"type":"Point","coordinates":[5.84,10.699]}},{"type":"Feature","properties":{"weight":1.6,"date":"2026-08-05","country":"Nigeria"},"geometry":{"type":"Point","coordinates":[5.84,10.699]}},{"type":"Feature","properties":{"weight":4.23,"date":"2026-08-06","country":"Nigeria"},"geometry":{"type":"Point","coordinates":[5.84,10.699]}},{"type":"Feature","properties":{"weight":1.6,"date":"2026-08-07","country":"Nigeria"},"geometry":{"type":"Point","coordinates":[6.825,5.402]}},{"type":"Feature","properties":{"weight":1.6,"date":"2026-08-07","country":"Nigeria"},"geometry":{"type":"Point","coordinates":[7.038,7.303]}},{"type":"Feature","properties":{"weight":5.17,"date":"2026-08-09","country":"Nigeria"},"geometry":{"type":"Point","coordinates":[5.84,10.699]}},{"type":"Feature","properties":{"weight":3.98,"date":"2026-08-10","country":"Nigeria"},"geometry":{"type":"Point","coordinates":[5.541,11.162]}},{"type":"Feature","properties":{"weight":1.95,"date":"2026-08-10","country":"Nigeria"},"geometry":{"type":"Point","coordinates":[9.822,9.057]}},{"type":"Feature","properties":{"weight":4.23,"date":"2026-08-10","country":"Nigeria"},"geometry":{"type":"Point","coordinates":[6.25,12.167]}},{"type":"Feature","properties":{"weight":4.34,"date":"2026-08-13","country":"Nigeria"},"geometry":{"type":"Point","coordinates":[5.84,10.699]}},{"type":"Feature","properties":{"weight":1.95,"date":"2026-08-14","country":"Nigeria"},"geometry":{"type":"Point","coordinates":[7.797,12.454]}},{"type":"Feature","properties":{"weight":1.95,"date":"2026-08-14","country":"Nigeria"},"geometry":{"type":"Point","coordinates":[6.891,12.425]}},{"type":"Feature","properties":{"weight":1.6,"date":"2026-08-15","country":"Nigeria"},"geometry":{"type":"Point","coordinates":[6.25,12.167]}},{"type":"Feature","properties":{"weight":4.18,"date":"2026-08-16","country":"Nigeria"},"geometry":{"type":"Point","coordinates":[5.152,12.032]}},{"type":"Feature","properties":{"weight":1.95,"date":"2026-08-17","country":"Nigeria"},"geometry":{"type":"Point","coordinates":[7.365,4.676]}},{"type":"Feature","properties":{"weight":1.6,"date":"2026-08-18","country":"Nigeria"},"geometry":{"type":"Point","coordinates":[5.011,8.56]}},{"type":"Feature","properties":{"weight":1.6,"date":"2026-08-19","country":"Nigeria"},"geometry":{"type":"Point","coordinates":[8.75,7.333]}},{"type":"Feature","properties":{"weight":1.6,"date":"2026-08-19","country":"Nigeria"},"geometry":{"type":"Point","coordinates":[6.25,12.167]}},{"type":"Feature","properties":{"weight":1.0,"date":"2026-08-20","country":"Nigeria"},"geometry":{"type":"Point","coordinates":[13.989,12.11]}},{"type":"Feature","properties":{"weight":1.95,"date":"2026-08-21","country":"Nigeria"},"geometry":{"type":"Point","coordinates":[4.186,7.37]}},{"type":"Feature","properties":{"weight":2.2,"date":"2026-08-22","country":"Nigeria"},"geometry":{"type":"Point","coordinates":[4.129,10.359]}},{"type":"Feature","properties":{"weight":1.6,"date":"2026-08-23","country":"Nigeria"},"geometry":{"type":"Point","coordinates":[6.054,12.384]}},{"type":"Feature","properties":{"weight":1.6,"date":"2026-08-25","country":"Nigeria"},"geometry":{"type":"Point","coordinates":[7.656,11.859]}},{"type":"Feature","properties":{"weight":3.51,"date":"2026-08-25","country":"Nigeria"},"geometry":{"type":"Point","coordinates":[6.895,11.883]}},{"type":"Feature","properties":{"weight":2.69,"date":"2026-08-25","country":"Nigeria"},"geometry":{"type":"Point","coordinates":[7.935,11.915]}},{"type":"Feature","properties":{"weight":1.6,"date":"2026-08-26","country":"Nigeria"},"geometry":{"type":"Point","coordinates":[5.174,12.861]}},{"type":"Feature","properties":{"weight":1.6,"date":"2026-08-27","country":"Nigeria"},"geometry":{"type":"Point","coordinates":[5.054,8.267]}},{"type":"Feature","properties":{"weight":1.6,"date":"2026-08-27","country":"Nigeria"},"geometry":{"type":"Point","coordinates":[7.038,7.303]}},{"type":"Feature","properties":{"weight":1.6,"date":"2026-08-29","country":"Nigeria"},"geometry":{"type":"Point","coordinates":[10.205,9.083]}},{"type":"Feature","properties":{"weight":1.95,"date":"2026-08-30","country":"Nigeria"},"geometry":{"type":"Point","coordinates":[6.0,10.0]}},{"type":"Feature","properties":{"weight":1.95,"date":"2026-08-31","country":"Nigeria"},"geometry":{"type":"Point","coordinates":[9.205,11.062]}},{"type":"Feature","properties":{"weight":1.95,"date":"2026-08-31","country":"Nigeria"},"geometry":{"type":"Point","coordinates":[7.618,12.259]}},{"type":"Feature","properties":{"weight":1.0,"date":"2026-01-01","country":"Nigeria"},"geometry":{"type":"Point","coordinates":[4.5,7.5]}},{"type":"Feature","properties":{"weight":1.95,"date":"2026-08-01","country":"Nigeria"},"geometry":{"type":"Point","coordinates":[9.295,7.482]}},{"type":"Feature","properties":{"weight":1.6,"date":"2026-08-02","country":"Nigeria"},"geometry":{"type":"Point","coordinates":[8.735,9.567]}},{"type":"Feature","properties":{"weight":1.6,"date":"2026-08-02","country":"Nigeria"},"geometry":{"type":"Point","coordinates":[3.383,6.498]}},{"type":"Feature","properties":{"weight":1.6,"date":"2026-08-03","country":"Nigeria"},"geometry":{"type":"Point","coordinates":[9.18,9.391]}},{"type":"Feature","properties":{"weight":2.56,"date":"2026-08-03","country":"Nigeria"},"geometry":{"type":"Point","coordinates":[4.961,9.47]}},{"type":"Feature","properties":{"weight":2.4,"date":"2026-08-03","country":"Nigeria"},"geometry":{"type":"Point","coordinates":[8.767,7.967]}},{"type":"Feature","properties":{"weight":2.2,"date":"2026-08-04","country":"Nigeria"},"geometry":{"type":"Point","coordinates":[8.787,9.55]}},{"type":"Feature","properties":{"weight":1.6,"date":"2026-08-05","country":"Nigeria"},"geometry":{"type":"Point","coordinates":[9.026,6.255]}},{"type":"Feature","properties":{"weight":1.6,"date":"2026-08-06","country":"Nigeria"},"geometry":{"type":"Point","coordinates":[8.733,10.083]}},{"type":"Feature","properties":{"weight":3.23,"date":"2026-08-06","country":"Nigeria"},"geometry":{"type":"Point","coordinates":[6.563,8.205]}},{"type":"Feature","properties":{"weight":1.6,"date":"2026-08-09","country":"Nigeria"},"geometry":{"type":"Point","coordinates":[8.934,9.55]}},{"type":"Feature","properties":{"weight":3.51,"date":"2026-08-09","country":"Nigeria"},"geometry":{"type":"Point","coordinates":[5.152,12.032]}},{"type":"Feature","properties":{"weight":1.6,"date":"2026-08-11","country":"Nigeria"},"geometry":{"type":"Point","coordinates":[8.685,9.568]}},{"type":"Feature","properties":{"weight":2.2,"date":"2026-08-11","country":"Nigeria"},"geometry":{"type":"Point","coordinates":[4.742,7.628]}},{"type":"Feature","properties":{"weight":1.6,"date":"2026-08-11","country":"Nigeria"},"geometry":{"type":"Point","coordinates":[8.685,9.568]}},{"type":"Feature","properties":{"weight":1.6,"date":"2026-08-12","country":"Nigeria"},"geometry":{"type":"Point","coordinates":[8.934,9.55]}},{"type":"Feature","properties":{"weight":1.6,"date":"2026-08-12","country":"Nigeria"},"geometry":{"type":"Point","coordinates":[4.897,7.758]}},{"type":"Feature","properties":{"weight":1.95,"date":"2026-08-13","country":"Nigeria"},"geometry":{"type":"Point","coordinates":[9.645,7.63]}},{"type":"Feature","properties":{"weight":1.6,"date":"2026-08-14","country":"Nigeria"},"geometry":{"type":"Point","coordinates":[8.733,10.083]}},{"type":"Feature","properties":{"weight":1.6,"date":"2026-08-14","country":"Nigeria"},"geometry":{"type":"Point","coordinates":[8.934,9.55]}},{"type":"Feature","properties":{"weight":1.6,"date":"2026-08-14","country":"Nigeria"},"geometry":{"type":"Point","coordinates":[8.733,10.083]}},{"type":"Feature","properties":{"weight":4.33,"date":"2026-08-14","country":"Nigeria"},"geometry":{"type":"Point","coordinates":[4.665,12.02]}},{"type":"Feature","properties":{"weight":2.56,"date":"2026-08-19","country":"Nigeria"},"geometry":{"type":"Point","coordinates":[6.796,11.843]}},{"type":"Feature","properties":{"weight":1.6,"date":"2026-08-22","country":"Nigeria"},"geometry":{"type":"Point","coordinates":[4.129,10.359]}},{"type":"Feature","properties":{"weight":1.6,"date":"2026-08-22","country":"Nigeria"},"geometry":{"type":"Point","coordinates":[8.75,9.549]}},{"type":"Feature","properties":{"weight":1.6,"date":"2026-08-23","country":"Nigeria"},"geometry":{"type":"Point","coordinates":[8.934,9.55]}},{"type":"Feature","properties":{"weight":1.6,"date":"2026-08-23","country":"Nigeria"},"geometry":{"type":"Point","coordinates":[3.676,6.919]}},{"type":"Feature","properties":{"weight":1.0,"date":"2026-08-24","country":"Nigeria"},"geometry":{"type":"Point","coordinates":[4.526,10.747]}},{"type":"Feature","properties":{"weight":2.91,"date":"2026-08-25","country":"Nigeria"},"geometry":{"type":"Point","coordinates":[6.0,10.0]}},{"type":"Feature","properties":{"weight":2.2,"date":"2026-08-26","country":"Nigeria"},"geometry":{"type":"Point","coordinates":[8.685,9.568]}},{"type":"Feature","properties":{"weight":1.6,"date":"2026-08-27","country":"Nigeria"},"geometry":{"type":"Point","coordinates":[8.685,9.568]}},{"type":"Feature","properties":{"weight":1.6,"date":"2026-08-27","country":"Nigeria"},"geometry":{"type":"Point","coordinates":[3.249,6.589]}},{"type":"Feature","properties":{"weight":1.95,"date":"2026-08-28","country":"Nigeria"},"geometry":{"type":"Point","coordinates":[8.934,9.55]}},{"type":"Feature","properties":{"weight":1.6,"date":"2026-08-28","country":"Nigeria"},"geometry":{"type":"Point","coordinates":[8.685,9.568]}},{"type":"Feature","properties":{"weight":1.6,"date":"2026-08-21","country":"Nigeria"},"geometry":{"type":"Point","coordinates":[4.129,10.359]}},{"type":"Feature","properties":{"weight":1.6,"date":"2026-08-22","country":"Nigeria"},"geometry":{"type":"Point","coordinates":[2.811,6.618]}},{"type":"Feature","properties":{"weight":1.6,"date":"2026-08-27","country":"Nigeria"},"geometry":{"type":"Point","coordinates":[7.013,4.777]}},{"type":"Feature","properties":{"weight":1.95,"date":"2026-08-14","country":"Nigeria"},"geometry":{"type":"Point","coordinates":[4.633,12.192]}},{"type":"Feature","properties":{"weight":2.91,"date":"2026-08-17","country":"Nigeria"},"geometry":{"type":"Point","coordinates":[12.925,10.31]}},{"type":"Feature","properties":{"weight":2.4,"date":"2026-07-31","country":"Nigeria"},"geometry":{"type":"Point","coordinates":[5.72,13.013]}},{"type":"Feature","properties":{"weight":1.6,"date":"2026-08-01","country":"Nigeria"},"geometry":{"type":"Point","coordinates":[7.429,11.64]}},{"type":"Feature","properties":{"weight":1.6,"date":"2026-08-02","country":"Nigeria"},"geometry":{"type":"Point","coordinates":[5.627,6.335]}},{"type":"Feature","properties":{"weight":1.6,"date":"2026-08-03","country":"Nigeria"},"geometry":{"type":"Point","coordinates":[7.504,10.781]}},{"type":"Feature","properties":{"weight":2.2,"date":"2026-08-04","country":"Nigeria"},"geometry":{"type":"Point","coordinates":[7.504,10.781]}},{"type":"Feature","properties":{"weight":1.6,"date":"2026-08-05","country":"Nigeria"},"geometry":{"type":"Point","coordinates":[5.59,11.505]}},{"type":"Feature","properties":{"weight":1.6,"date":"2026-08-06","country":"Nigeria"},"geometry":{"type":"Point","coordinates":[6.338,13.222]}},{"type":"Feature","properties":{"weight":1.6,"date":"2026-08-09","country":"Nigeria"},"geometry":{"type":"Point","coordinates":[6.0,10.0]}},{"type":"Feature","properties":{"weight":3.0,"date":"2026-08-10","country":"Nigeria"},"geometry":{"type":"Point","coordinates":[4.129,10.359]}},{"type":"Feature","properties":{"weight":1.95,"date":"2026-08-11","country":"Nigeria"},"geometry":{"type":"Point","coordinates":[7.429,11.64]}},{"type":"Feature","properties":{"weight":1.6,"date":"2026-08-12","country":"Nigeria"},"geometry":{"type":"Point","coordinates":[6.989,4.832]}},{"type":"Feature","properties":{"weight":1.6,"date":"2026-08-12","country":"Nigeria"},"geometry":{"type":"Point","coordinates":[8.927,9.227]}},{"type":"Feature","properties":{"weight":1.6,"date":"2026-08-13","country":"Nigeria"},"geometry":{"type":"Point","coordinates":[6.895,11.883]}},{"type":"Feature","properties":{"weight":1.0,"date":"2026-08-14","country":"Nigeria"},"geometry":{"type":"Point","coordinates":[7.656,11.859]}},{"type":"Feature","properties":{"weight":1.95,"date":"2026-08-15","country":"Nigeria"},"geometry":{"type":"Point","coordinates":[6.054,12.384]}},{"type":"Feature","properties":{"weight":3.35,"date":"2026-08-15","country":"Nigeria"},"geometry":{"type":"Point","coordinates":[7.797,12.454]}},{"type":"Feature","properties":{"weight":2.56,"date":"2026-08-18","country":"Nigeria"},"geometry":{"type":"Point","coordinates":[5.486,13.257]}},{"type":"Feature","properties":{"weight":1.6,"date":"2026-08-18","country":"Nigeria"},"geometry":{"type":"Point","coordinates":[7.018,6.09]}},{"type":"Feature","properties":{"weight":1.6,"date":"2026-08-19","country":"Nigeria"},"geometry":{"type":"Point","coordinates":[4.576,7.76]}},{"type":"Feature","properties":{"weight":1.95,"date":"2026-08-21","country":"Nigeria"},"geometry":{"type":"Point","coordinates":[5.8,13.391]}},{"type":"Feature","properties":{"weight":3.98,"date":"2026-08-22","country":"Nigeria"},"geometry":{"type":"Point","coordinates":[4.129,10.359]}},{"type":"Feature","properties":{"weight":2.56,"date":"2026-08-22","country":"Nigeria"},"geometry":{"type":"Point","coordinates":[4.129,10.359]}},{"type":"Feature","properties":{"weight":2.2,"date":"2026-08-23","country":"Nigeria"},"geometry":{"type":"Point","coordinates":[6.25,12.167]}},{"type":"Feature","properties":{"weight":2.2,"date":"2026-08-25","country":"Nigeria"},"geometry":{"type":"Point","coordinates":[6.068,12.195]}},{"type":"Feature","properties":{"weight":2.2,"date":"2026-08-25","country":"Nigeria"},"geometry":{"type":"Point","coordinates":[6.054,12.384]}},{"type":"Feature","properties":{"weight":1.6,"date":"2026-08-25","country":"Nigeria"},"geometry":{"type":"Point","coordinates":[7.935,11.915]}},{"type":"Feature","properties":{"weight":1.6,"date":"2026-08-25","country":"Nigeria"},"geometry":{"type":"Point","coordinates":[8.927,9.227]}},{"type":"Feature","properties":{"weight":2.91,"date":"2026-08-25","country":"Nigeria"},"geometry":{"type":"Point","coordinates":[6.895,11.883]}},{"type":"Feature","properties":{"weight":2.4,"date":"2026-08-26","country":"Nigeria"},"geometry":{"type":"Point","coordinates":[5.8,13.391]}},{"type":"Feature","properties":{"weight":1.6,"date":"2026-08-27","country":"Nigeria"},"geometry":{"type":"Point","coordinates":[5.494,12.486]}},{"type":"Feature","properties":{"weight":1.95,"date":"2026-08-28","country":"Nigeria"},"geometry":{"type":"Point","coordinates":[7.086,11.675]}},{"type":"Feature","properties":{"weight":2.2,"date":"2026-08-29","country":"Nigeria"},"geometry":{"type":"Point","coordinates":[8.377,11.651]}},{"type":"Feature","properties":{"weight":2.91,"date":"2026-08-30","country":"Nigeria"},"geometry":{"type":"Point","coordinates":[5.743,12.967]}},{"type":"Feature","properties":{"weight":1.95,"date":"2026-08-30","country":"Nigeria"},"geometry":{"type":"Point","coordinates":[8.204,11.531]}},{"type":"Feature","properties":{"weight":1.95,"date":"2026-08-31","country":"Nigeria"},"geometry":{"type":"Point","coordinates":[7.846,11.523]}},{"type":"Feature","properties":{"weight":1.95,"date":"2026-08-11","country":"Nigeria"},"geometry":{"type":"Point","coordinates":[9.848,7.963]}},{"type":"Feature","properties":{"weight":2.4,"date":"2026-08-12","country":"Nigeria"},"geometry":{"type":"Point","coordinates":[9.848,7.963]}},{"type":"Feature","properties":{"weight":2.2,"date":"2026-08-06","country":"Nigeria"},"geometry":{"type":"Point","coordinates":[8.685,9.568]}},{"type":"Feature","properties":{"weight":3.08,"date":"2026-08-16","country":"Nigeria"},"geometry":{"type":"Point","coordinates":[9.645,7.63]}},{"type":"Feature","properties":{"weight":2.2,"date":"2026-08-10","country":"Nigeria"},"geometry":{"type":"Point","coordinates":[4.742,7.628]}},{"type":"Feature","properties":{"weight":1.95,"date":"2026-08-30","country":"Nigeria"},"geometry":{"type":"Point","coordinates":[7.072,6.213]}},{"type":"Feature","properties":{"weight":2.2,"date":"2026-07-05","country":"Nigeria"},"geometry":{"type":"Point","coordinates":[7.167,5.5]}},{"type":"Feature","properties":{"weight":2.2,"date":"2026-08-15","country":"Nigeria"},"geometry":{"type":"Point","coordinates":[6.783,5.867]}},{"type":"Feature","properties":{"weight":1.95,"date":"2026-08-22","country":"Nigeria"},"geometry":{"type":"Point","coordinates":[6.751,5.913]}},{"type":"Feature","properties":{"weight":1.0,"date":"2026-08-02","country":"Nigeria"},"geometry":{"type":"Point","coordinates":[13.806,12.015]}},{"type":"Feature","properties":{"weight":2.2,"date":"2026-08-03","country":"Nigeria"},"geometry":{"type":"Point","coordinates":[4.753,11.936]}},{"type":"Feature","properties":{"weight":3.23,"date":"2026-08-04","country":"Nigeria"},"geometry":{"type":"Point","coordinates":[12.366,11.146]}},{"type":"Feature","properties":{"weight":2.4,"date":"2026-08-06","country":"Nigeria"},"geometry":{"type":"Point","coordinates":[13.509,11.107]}},{"type":"Feature","properties":{"weight":2.4,"date":"2026-08-07","country":"Nigeria"},"geometry":{"type":"Point","coordinates":[13.566,12.925]}},{"type":"Feature","properties":{"weight":1.6,"date":"2026-08-07","country":"Nigeria"},"geometry":{"type":"Point","coordinates":[13.373,13.693]}},{"type":"Feature","properties":{"weight":3.0,"date":"2026-08-08","country":"Nigeria"},"geometry":{"type":"Point","coordinates":[12.981,13.313]}},{"type":"Feature","properties":{"weight":3.0,"date":"2026-08-08","country":"Nigeria"},"geometry":{"type":"Point","coordinates":[13.396,11.406]}},{"type":"Feature","properties":{"weight":2.2,"date":"2026-08-09","country":"Nigeria"},"geometry":{"type":"Point","coordinates":[13.209,12.493]}},{"type":"Feature","properties":{"weight":1.0,"date":"2026-08-11","country":"Nigeria"},"geometry":{"type":"Point","coordinates":[4.369,12.082]}},{"type":"Feature","properties":{"weight":1.6,"date":"2026-08-12","country":"Nigeria"},"geometry":{"type":"Point","coordinates":[12.311,10.781]}},{"type":"Feature","properties":{"weight":2.4,"date":"2026-08-14","country":"Nigeria"},"geometry":{"type":"Point","coordinates":[4.734,12.129]}},{"type":"Feature","properties":{"weight":3.83,"date":"2026-08-15","country":"Nigeria"},"geometry":{"type":"Point","coordinates":[12.331,10.696]}},{"type":"Feature","properties":{"weight":2.91,"date":"2026-08-18","country":"Nigeria"},"geometry":{"type":"Point","coordinates":[12.199,10.883]}},{"type":"Feature","properties":{"weight":1.6,"date":"2026-08-19","country":"Nigeria"},"geometry":{"type":"Point","coordinates":[13.982,11.477]}},{"type":"Feature","properties":{"weight":4.18,"date":"2026-08-21","country":"Nigeria"},"geometry":{"type":"Point","coordinates":[13.0,11.5]}},{"type":"Feature","properties":{"weight":2.4,"date":"2026-08-25","country":"Nigeria"},"geometry":{"type":"Point","coordinates":[13.486,13.284]}},{"type":"Feature","properties":{"weight":2.4,"date":"2026-08-27","country":"Nigeria"},"geometry":{"type":"Point","coordinates":[14.104,11.646]}},{"type":"Feature","properties":{"weight":3.68,"date":"2026-08-27","country":"Nigeria"},"geometry":{"type":"Point","coordinates":[12.845,10.466]}},{"type":"Feature","properties":{"weight":3.86,"date":"2026-08-28","country":"Nigeria"},"geometry":{"type":"Point","coordinates":[13.566,12.925]}},{"type":"Feature","properties":{"weight":2.4,"date":"2026-08-28","country":"Nigeria"},"geometry":{"type":"Point","coordinates":[13.417,11.25]}},{"type":"Feature","properties":{"weight":2.2,"date":"2026-08-31","country":"Nigeria"},"geometry":{"type":"Point","coordinates":[13.313,13.432]}},{"type":"Feature","properties":{"weight":1.6,"date":"2026-08-11","country":"Nigeria"},"geometry":{"type":"Point","coordinates":[8.45,9.25]}},{"type":"Feature","properties":{"weight":1.6,"date":"2026-08-24","country":"Nigeria"},"geometry":{"type":"Point","coordinates":[8.268,9.383]}},{"type":"Feature","properties":{"weight":3.08,"date":"2026-08-03","country":"Nigeria"},"geometry":{"type":"Point","coordinates":[13.942,11.469]}},{"type":"Feature","properties":{"weight":2.2,"date":"2026-08-20","country":"Nigeria"},"geometry":{"type":"Point","coordinates":[14.097,11.521]}},{"type":"Feature","properties":{"weight":1.6,"date":"2026-08-10","country":"Nigeria"},"geometry":{"type":"Point","coordinates":[8.683,9.85]}},{"type":"Feature","properties":{"weight":2.2,"date":"2026-08-12","country":"Nigeria"},"geometry":{"type":"Point","coordinates":[9.025,9.488]}},{"type":"Feature","properties":{"weight":2.2,"date":"2026-08-16","country":"Nigeria"},"geometry":{"type":"Point","coordinates":[9.025,9.488]}},{"type":"Feature","properties":{"weight":3.83,"date":"2026-08-17","country":"Nigeria"},"geometry":{"type":"Point","coordinates":[9.18,9.391]}},{"type":"Feature","properties":{"weight":1.6,"date":"2026-08-17","country":"Nigeria"},"geometry":{"type":"Point","coordinates":[9.18,9.391]}},{"type":"Feature","properties":{"weight":3.64,"date":"2026-08-12","country":"Nigeria"},"geometry":{"type":"Point","coordinates":[4.129,10.359]}},{"type":"Feature","properties":{"weight":1.6,"date":"2026-08-20","country":"Nigeria"},"geometry":{"type":"Point","coordinates":[6.264,13.485]}},{"type":"Feature","properties":{"weight":3.98,"date":"2026-08-28","country":"Nigeria"},"geometry":{"type":"Point","coordinates":[5.72,13.013]}},{"type":"Feature","properties":{"weight":3.0,"date":"2026-08-09","country":"Nigeria"},"geometry":{"type":"Point","coordinates":[7.5,12.25]}},{"type":"Feature","properties":{"weight":3.16,"date":"2026-08-01","country":"Nigeria"},"geometry":{"type":"Point","coordinates":[6.149,13.589]}},{"type":"Feature","properties":{"weight":2.2,"date":"2026-08-03","country":"Nigeria"},"geometry":{"type":"Point","coordinates":[5.946,13.582]}},{"type":"Feature","properties":{"weight":1.95,"date":"2026-08-18","country":"Nigeria"},"geometry":{"type":"Point","coordinates":[7.429,11.64]}},{"type":"Feature","properties":{"weight":3.8,"date":"2026-08-18","country":"Nigeria"},"geometry":{"type":"Point","coordinates":[7.429,11.64]}},{"type":"Feature","properties":{"weight":1.6,"date":"2026-08-29","country":"Nigeria"},"geometry":{"type":"Point","coordinates":[7.618,12.259]}},{"type":"Feature","properties":{"weight":1.95,"date":"2026-08-30","country":"Nigeria"},"geometry":{"type":"Point","coordinates":[7.618,12.259]}},{"type":"Feature","properties":{"weight":1.95,"date":"2026-08-16","country":"Nigeria"},"geometry":{"type":"Point","coordinates":[5.587,11.975]}},{"type":"Feature","properties":{"weight":1.95,"date":"2026-08-26","country":"Nigeria"},"geometry":{"type":"Point","coordinates":[5.765,11.9]}},{"type":"Feature","properties":{"weight":1.95,"date":"2026-08-02","country":"Pakistan"},"geometry":{"type":"Point","coordinates":[71.431,34.871]}},{"type":"Feature","properties":{"weight":1.95,"date":"2026-08-03","country":"Pakistan"},"geometry":{"type":"Point","coordinates":[71.583,34.017]}},{"type":"Feature","properties":{"weight":1.6,"date":"2026-08-12","country":"Pakistan"},"geometry":{"type":"Point","coordinates":[67.214,30.818]}},{"type":"Feature","properties":{"weight":1.6,"date":"2026-08-14","country":"Pakistan"},"geometry":{"type":"Point","coordinates":[71.619,34.61]}},{"type":"Feature","properties":{"weight":2.69,"date":"2026-08-16","country":"Pakistan"},"geometry":{"type":"Point","coordinates":[71.491,34.757]}},{"type":"Feature","properties":{"weight":1.6,"date":"2026-08-23","country":"Pakistan"},"geometry":{"type":"Point","coordinates":[71.574,33.958]}},{"type":"Feature","properties":{"weight":2.91,"date":"2026-08-02","country":"Pakistan"},"geometry":{"type":"Point","coordinates":[71.058,33.961]}},{"type":"Feature","properties":{"weight":1.95,"date":"2026-08-02","country":"Pakistan"},"geometry":{"type":"Point","coordinates":[70.505,32.801]}},{"type":"Feature","properties":{"weight":1.6,"date":"2026-08-02","country":"Pakistan"},"geometry":{"type":"Point","coordinates":[70.775,33.522]}},{"type":"Feature","properties":{"weight":3.56,"date":"2026-08-02","country":"Pakistan"},"geometry":{"type":"Point","coordinates":[72.283,34.792]}},{"type":"Feature","properties":{"weight":1.6,"date":"2026-08-03","country":"Pakistan"},"geometry":{"type":"Point","coordinates":[72.09,34.307]}},{"type":"Feature","properties":{"weight":2.2,"date":"2026-08-03","country":"Pakistan"},"geometry":{"type":"Point","coordinates":[70.851,32.599]}},{"type":"Feature","properties":{"weight":2.2,"date":"2026-08-03","country":"Pakistan"},"geometry":{"type":"Point","coordinates":[69.909,32.446]}},{"type":"Feature","properties":{"weight":1.6,"date":"2026-08-03","country":"Pakistan"},"geometry":{"type":"Point","coordinates":[71.468,33.915]}},{"type":"Feature","properties":{"weight":2.2,"date":"2026-08-05","country":"Pakistan"},"geometry":{"type":"Point","coordinates":[70.523,32.383]}},{"type":"Feature","properties":{"weight":1.6,"date":"2026-08-05","country":"Pakistan"},"geometry":{"type":"Point","coordinates":[70.603,32.985]}},{"type":"Feature","properties":{"weight":3.0,"date":"2026-08-06","country":"Pakistan"},"geometry":{"type":"Point","coordinates":[69.615,32.884]}},{"type":"Feature","properties":{"weight":1.6,"date":"2026-08-06","country":"Pakistan"},"geometry":{"type":"Point","coordinates":[70.505,32.801]}},{"type":"Feature","properties":{"weight":2.91,"date":"2026-08-06","country":"Pakistan"},"geometry":{"type":"Point","coordinates":[69.421,32.292]}},{"type":"Feature","properties":{"weight":2.2,"date":"2026-08-06","country":"Pakistan"},"geometry":{"type":"Point","coordinates":[71.738,35.028]}},{"type":"Feature","properties":{"weight":3.0,"date":"2026-08-07","country":"Pakistan"},"geometry":{"type":"Point","coordinates":[70.851,32.599]}},{"type":"Feature","properties":{"weight":1.95,"date":"2026-08-07","country":"Pakistan"},"geometry":{"type":"Point","coordinates":[72.047,35.309]}},{"type":"Feature","properties":{"weight":1.95,"date":"2026-08-07","country":"Pakistan"},"geometry":{"type":"Point","coordinates":[70.505,32.801]}},{"type":"Feature","properties":{"weight":2.91,"date":"2026-08-07","country":"Pakistan"},"geometry":{"type":"Point","coordinates":[71.059,33.531]}},{"type":"Feature","properties":{"weight":2.4,"date":"2026-08-08","country":"Pakistan"},"geometry":{"type":"Point","coordinates":[70.665,33.893]}},{"type":"Feature","properties":{"weight":1.6,"date":"2026-08-09","country":"Pakistan"},"geometry":{"type":"Point","coordinates":[70.911,32.608]}},{"type":"Feature","properties":{"weight":1.6,"date":"2026-08-09","country":"Pakistan"},"geometry":{"type":"Point","coordinates":[71.811,34.953]}},{"type":"Feature","properties":{"weight":1.6,"date":"2026-08-10","country":"Pakistan"},"geometry":{"type":"Point","coordinates":[70.916,32.981]}},{"type":"Feature","properties":{"weight":4.45,"date":"2026-08-11","country":"Pakistan"},"geometry":{"type":"Point","coordinates":[69.958,32.951]}},{"type":"Feature","properties":{"weight":1.95,"date":"2026-08-11","country":"Pakistan"},"geometry":{"type":"Point","coordinates":[70.505,32.801]}},{"type":"Feature","properties":{"weight":1.6,"date":"2026-08-11","country":"Pakistan"},"geometry":{"type":"Point","coordinates":[70.001,32.717]}},{"type":"Feature","properties":{"weight":1.6,"date":"2026-08-12","country":"Pakistan"},"geometry":{"type":"Point","coordinates":[70.637,32.904]}},{"type":"Feature","properties":{"weight":3.08,"date":"2026-08-12","country":"Pakistan"},"geometry":{"type":"Point","coordinates":[70.637,32.904]}},{"type":"Feature","properties":{"weight":3.41,"date":"2026-08-13","country":"Pakistan"},"geometry":{"type":"Point","coordinates":[72.147,35.371]}},{"type":"Feature","properties":{"weight":1.6,"date":"2026-08-13","country":"Pakistan"},"geometry":{"type":"Point","coordinates":[71.69,34.251]}},{"type":"Feature","properties":{"weight":2.56,"date":"2026-08-13","country":"Pakistan"},"geometry":{"type":"Point","coordinates":[70.758,33.023]}},{"type":"Feature","properties":{"weight":2.2,"date":"2026-08-14","country":"Pakistan"},"geometry":{"type":"Point","coordinates":[70.758,33.023]}},{"type":"Feature","properties":{"weight":2.81,"date":"2026-08-15","country":"Pakistan"},"geometry":{"type":"Point","coordinates":[65.876,29.004]}},{"type":"Feature","properties":{"weight":1.6,"date":"2026-08-16","country":"Pakistan"},"geometry":{"type":"Point","coordinates":[70.629,33.012]}},{"type":"Feature","properties":{"weight":1.95,"date":"2026-08-17","country":"Pakistan"},"geometry":{"type":"Point","coordinates":[70.349,32.59]}},{"type":"Feature","properties":{"weight":2.56,"date":"2026-08-17","country":"Pakistan"},"geometry":{"type":"Point","coordinates":[70.758,33.023]}},{"type":"Feature","properties":{"weight":2.91,"date":"2026-08-17","country":"Pakistan"},"geometry":{"type":"Point","coordinates":[67.79,30.375]}},{"type":"Feature","properties":{"weight":1.6,"date":"2026-08-17","country":"Pakistan"},"geometry":{"type":"Point","coordinates":[66.325,28.636]}},{"type":"Feature","properties":{"weight":1.6,"date":"2026-08-18","country":"Pakistan"},"geometry":{"type":"Point","coordinates":[70.497,32.831]}},{"type":"Feature","properties":{"weight":1.6,"date":"2026-08-19","country":"Pakistan"},"geometry":{"type":"Point","coordinates":[71.491,34.757]}},{"type":"Feature","properties":{"weight":1.95,"date":"2026-08-20","country":"Pakistan"},"geometry":{"type":"Point","coordinates":[71.443,33.313]}},{"type":"Feature","properties":{"weight":1.6,"date":"2026-08-20","country":"Pakistan"},"geometry":{"type":"Point","coordinates":[71.928,34.282]}},{"type":"Feature","properties":{"weight":1.95,"date":"2026-08-23","country":"Pakistan"},"geometry":{"type":"Point","coordinates":[71.381,34.003]}},{"type":"Feature","properties":{"weight":2.2,"date":"2026-08-23","country":"Pakistan"},"geometry":{"type":"Point","coordinates":[72.047,35.309]}},{"type":"Feature","properties":{"weight":2.56,"date":"2026-08-25","country":"Pakistan"},"geometry":{"type":"Point","coordinates":[69.682,32.304]}},{"type":"Feature","properties":{"weight":1.95,"date":"2026-08-26","country":"Pakistan"},"geometry":{"type":"Point","coordinates":[70.637,32.904]}},{"type":"Feature","properties":{"weight":1.6,"date":"2026-08-26","country":"Pakistan"},"geometry":{"type":"Point","coordinates":[70.026,32.516]}},{"type":"Feature","properties":{"weight":1.6,"date":"2026-08-27","country":"Pakistan"},"geometry":{"type":"Point","coordinates":[70.2,32.97]}},{"type":"Feature","properties":{"weight":1.6,"date":"2026-08-27","country":"Pakistan"},"geometry":{"type":"Point","coordinates":[70.026,32.516]}},{"type":"Feature","properties":{"weight":2.4,"date":"2026-08-28","country":"Pakistan"},"geometry":{"type":"Point","coordinates":[70.459,31.929]}},{"type":"Feature","properties":{"weight":1.95,"date":"2026-08-28","country":"Pakistan"},"geometry":{"type":"Point","coordinates":[70.505,32.801]}},{"type":"Feature","properties":{"weight":1.6,"date":"2026-08-30","country":"Pakistan"},"geometry":{"type":"Point","coordinates":[71.351,34.464]}},{"type":"Feature","properties":{"weight":1.6,"date":"2026-08-31","country":"Pakistan"},"geometry":{"type":"Point","coordinates":[70.977,33.179]}},{"type":"Feature","properties":{"weight":1.6,"date":"2026-08-31","country":"Pakistan"},"geometry":{"type":"Point","coordinates":[70.851,32.599]}},{"type":"Feature","properties":{"weight":3.46,"date":"2026-08-31","country":"Pakistan"},"geometry":{"type":"Point","coordinates":[67.181,30.494]}},{"type":"Feature","properties":{"weight":1.6,"date":"2026-08-31","country":"Pakistan"},"geometry":{"type":"Point","coordinates":[67.01,24.86]}},{"type":"Feature","properties":{"weight":1.95,"date":"2026-08-31","country":"Pakistan"},"geometry":{"type":"Point","coordinates":[70.965,32.431]}},{"type":"Feature","properties":{"weight":1.95,"date":"2026-08-31","country":"Pakistan"},"geometry":{"type":"Point","coordinates":[72.074,34.359]}},{"type":"Feature","properties":{"weight":3.41,"date":"2026-08-31","country":"Pakistan"},"geometry":{"type":"Point","coordinates":[70.031,33.144]}},{"type":"Feature","properties":{"weight":1.6,"date":"2026-08-03","country":"Pakistan"},"geometry":{"type":"Point","coordinates":[69.57,32.305]}},{"type":"Feature","properties":{"weight":1.6,"date":"2026-08-03","country":"Pakistan"},"geometry":{"type":"Point","coordinates":[71.422,34.815]}},{"type":"Feature","properties":{"weight":1.6,"date":"2026-08-08","country":"Pakistan"},"geometry":{"type":"Point","coordinates":[71.527,34.866]}},{"type":"Feature","properties":{"weight":1.6,"date":"2026-08-20","country":"Pakistan"},"geometry":{"type":"Point","coordinates":[71.416,34.813]}},{"type":"Feature","properties":{"weight":1.6,"date":"2026-08-22","country":"Pakistan"},"geometry":{"type":"Point","coordinates":[69.559,32.285]}},{"type":"Feature","properties":{"weight":1.6,"date":"2026-08-28","country":"Pakistan"},"geometry":{"type":"Point","coordinates":[71.624,34.829]}},{"type":"Feature","properties":{"weight":1.6,"date":"2026-08-30","country":"Pakistan"},"geometry":{"type":"Point","coordinates":[71.624,34.829]}},{"type":"Feature","properties":{"weight":1.0,"date":"2026-08-09","country":"Pakistan"},"geometry":{"type":"Point","coordinates":[69.359,32.051]}},{"type":"Feature","properties":{"weight":1.6,"date":"2026-08-13","country":"Pakistan"},"geometry":{"type":"Point","coordinates":[70.07,33.009]}},{"type":"Feature","properties":{"weight":1.0,"date":"2026-08-14","country":"Pakistan"},"geometry":{"type":"Point","coordinates":[71.058,33.961]}},{"type":"Feature","properties":{"weight":1.6,"date":"2026-08-20","country":"Pakistan"},"geometry":{"type":"Point","coordinates":[71.059,33.531]}},{"type":"Feature","properties":{"weight":1.0,"date":"2026-08-28","country":"Pakistan"},"geometry":{"type":"Point","coordinates":[69.839,32.621]}},{"type":"Feature","properties":{"weight":1.6,"date":"2026-08-28","country":"Pakistan"},"geometry":{"type":"Point","coordinates":[70.392,32.214]}},{"type":"Feature","properties":{"weight":1.0,"date":"2026-08-01","country":"Pakistan"},"geometry":{"type":"Point","coordinates":[68.043,28.178]}},{"type":"Feature","properties":{"weight":1.6,"date":"2026-08-07","country":"Pakistan"},"geometry":{"type":"Point","coordinates":[71.541,34.821]}},{"type":"Feature","properties":{"weight":1.95,"date":"2026-08-16","country":"Pakistan"},"geometry":{"type":"Point","coordinates":[67.0,30.183]}},{"type":"Feature","properties":{"weight":1.6,"date":"2026-08-27","country":"Pakistan"},"geometry":{"type":"Point","coordinates":[71.527,34.866]}},{"type":"Feature","properties":{"weight":1.6,"date":"2026-08-21","country":"Pakistan"},"geometry":{"type":"Point","coordinates":[74.036,32.513]}},{"type":"Feature","properties":{"weight":1.95,"date":"2026-08-13","country":"Pakistan"},"geometry":{"type":"Point","coordinates":[74.344,31.55]}},{"type":"Feature","properties":{"weight":1.6,"date":"2026-08-13","country":"Pakistan"},"geometry":{"type":"Point","coordinates":[74.344,31.55]}},{"type":"Feature","properties":{"weight":2.4,"date":"2026-08-27","country":"Pakistan"},"geometry":{"type":"Point","coordinates":[71.683,33.982]}},{"type":"Feature","properties":{"weight":1.6,"date":"2026-08-21","country":"Pakistan"},"geometry":{"type":"Point","coordinates":[71.459,34.752]}},{"type":"Feature","properties":{"weight":2.2,"date":"2026-08-23","country":"Pakistan"},"geometry":{"type":"Point","coordinates":[71.468,33.915]}},{"type":"Feature","properties":{"weight":2.2,"date":"2026-08-01","country":"Pakistan"},"geometry":{"type":"Point","coordinates":[65.529,28.573]}},{"type":"Feature","properties":{"weight":2.4,"date":"2026-08-03","country":"Pakistan"},"geometry":{"type":"Point","coordinates":[67.0,30.183]}},{"type":"Feature","properties":{"weight":2.2,"date":"2026-08-03","country":"Pakistan"},"geometry":{"type":"Point","coordinates":[67.71,30.19]}},{"type":"Feature","properties":{"weight":1.0,"date":"2026-08-03","country":"Pakistan"},"geometry":{"type":"Point","coordinates":[66.85,29.8]}},{"type":"Feature","properties":{"weight":1.0,"date":"2026-08-03","country":"Pakistan"},"geometry":{"type":"Point","coordinates":[66.316,28.231]}},{"type":"Feature","properties":{"weight":2.91,"date":"2026-08-05","country":"Pakistan"},"geometry":{"type":"Point","coordinates":[66.575,28.448]}},{"type":"Feature","properties":{"weight":2.4,"date":"2026-08-05","country":"Pakistan"},"geometry":{"type":"Point","coordinates":[66.721,29.795]}},{"type":"Feature","properties":{"weight":2.69,"date":"2026-08-05","country":"Pakistan"},"geometry":{"type":"Point","coordinates":[64.5,27.75]}},{"type":"Feature","properties":{"weight":2.69,"date":"2026-08-06","country":"Pakistan"},"geometry":{"type":"Point","coordinates":[66.721,29.795]}},{"type":"Feature","properties":{"weight":1.95,"date":"2026-08-06","country":"Pakistan"},"geometry":{"type":"Point","coordinates":[69.194,28.633]}},{"type":"Feature","properties":{"weight":2.56,"date":"2026-08-07","country":"Pakistan"},"geometry":{"type":"Point","coordinates":[64.5,27.75]}},{"type":"Feature","properties":{"weight":3.08,"date":"2026-08-07","country":"Pakistan"},"geometry":{"type":"Point","coordinates":[66.945,29.938]}},{"type":"Feature","properties":{"weight":1.6,"date":"2026-08-07","country":"Pakistan"},"geometry":{"type":"Point","coordinates":[67.691,29.104]}},{"type":"Feature","properties":{"weight":1.95,"date":"2026-08-07","country":"Pakistan"},"geometry":{"type":"Point","coordinates":[65.667,29.5]}},{"type":"Feature","properties":{"weight":1.95,"date":"2026-08-08","country":"Pakistan"},"geometry":{"type":"Point","coordinates":[63.8,26.18]}},{"type":"Feature","properties":{"weight":2.56,"date":"2026-08-08","country":"Pakistan"},"geometry":{"type":"Point","coordinates":[65.193,28.839]}},{"type":"Feature","properties":{"weight":2.56,"date":"2026-08-08","country":"Pakistan"},"geometry":{"type":"Point","coordinates":[64.204,26.737]}},{"type":"Feature","properties":{"weight":2.56,"date":"2026-08-09","country":"Pakistan"},"geometry":{"type":"Point","coordinates":[64.204,26.737]}},{"type":"Feature","properties":{"weight":1.6,"date":"2026-08-11","country":"Pakistan"},"geometry":{"type":"Point","coordinates":[66.069,28.304]}},{"type":"Feature","properties":{"weight":1.0,"date":"2026-08-11","country":"Pakistan"},"geometry":{"type":"Point","coordinates":[63.8,26.18]}},{"type":"Feature","properties":{"weight":2.56,"date":"2026-08-12","country":"Pakistan"},"geometry":{"type":"Point","coordinates":[66.587,27.487]}},{"type":"Feature","properties":{"weight":3.08,"date":"2026-08-12","country":"Pakistan"},"geometry":{"type":"Point","coordinates":[66.222,28.491]}},{"type":"Feature","properties":{"weight":1.0,"date":"2026-08-13","country":"Pakistan"},"geometry":{"type":"Point","coordinates":[67.733,29.211]}},{"type":"Feature","properties":{"weight":3.08,"date":"2026-08-15","country":"Pakistan"},"geometry":{"type":"Point","coordinates":[66.587,27.487]}},{"type":"Feature","properties":{"weight":2.4,"date":"2026-08-16","country":"Pakistan"},"geometry":{"type":"Point","coordinates":[67.79,30.375]}},{"type":"Feature","properties":{"weight":1.95,"date":"2026-08-16","country":"Pakistan"},"geometry":{"type":"Point","coordinates":[65.857,27.895]}},{"type":"Feature","properties":{"weight":1.0,"date":"2026-08-17","country":"Pakistan"},"geometry":{"type":"Point","coordinates":[65.667,29.5]}},{"type":"Feature","properties":{"weight":3.35,"date":"2026-08-17","country":"Pakistan"},"geometry":{"type":"Point","coordinates":[65.644,28.478]}},{"type":"Feature","properties":{"weight":1.0,"date":"2026-08-18","country":"Pakistan"},"geometry":{"type":"Point","coordinates":[67.733,29.211]}},{"type":"Feature","properties":{"weight":2.56,"date":"2026-08-19","country":"Pakistan"},"geometry":{"type":"Point","coordinates":[66.721,29.795]}},{"type":"Feature","properties":{"weight":1.95,"date":"2026-08-19","country":"Pakistan"},"geometry":{"type":"Point","coordinates":[66.721,29.795]}},{"type":"Feature","properties":{"weight":1.6,"date":"2026-08-19","country":"Pakistan"},"geometry":{"type":"Point","coordinates":[66.532,28.882]}},{"type":"Feature","properties":{"weight":2.56,"date":"2026-08-19","country":"Pakistan"},"geometry":{"type":"Point","coordinates":[64.204,26.737]}},{"type":"Feature","properties":{"weight":1.0,"date":"2026-08-21","country":"Pakistan"},"geometry":{"type":"Point","coordinates":[64.204,26.737]}},{"type":"Feature","properties":{"weight":1.0,"date":"2026-08-22","country":"Pakistan"},"geometry":{"type":"Point","coordinates":[66.778,29.668]}},{"type":"Feature","properties":{"weight":1.0,"date":"2026-08-22","country":"Pakistan"},"geometry":{"type":"Point","coordinates":[63.061,26.004]}},{"type":"Feature","properties":{"weight":2.69,"date":"2026-08-23","country":"Pakistan"},"geometry":{"type":"Point","coordinates":[64.204,26.737]}},{"type":"Feature","properties":{"weight":2.4,"date":"2026-08-23","country":"Pakistan"},"geometry":{"type":"Point","coordinates":[66.78,27.937]}},{"type":"Feature","properties":{"weight":2.2,"date":"2026-08-23","country":"Pakistan"},"geometry":{"type":"Point","coordinates":[63.591,28.988]}},{"type":"Feature","properties":{"weight":1.0,"date":"2026-08-24","country":"Pakistan"},"geometry":{"type":"Point","coordinates":[67.562,29.153]}},{"type":"Feature","properties":{"weight":2.69,"date":"2026-08-24","country":"Pakistan"},"geometry":{"type":"Point","coordinates":[66.873,30.585]}},{"type":"Feature","properties":{"weight":2.4,"date":"2026-08-25","country":"Pakistan"},"geometry":{"type":"Point","coordinates":[66.78,27.937]}},{"type":"Feature","properties":{"weight":2.69,"date":"2026-08-26","country":"Pakistan"},"geometry":{"type":"Point","coordinates":[64.204,26.737]}},{"type":"Feature","properties":{"weight":2.56,"date":"2026-08-27","country":"Pakistan"},"geometry":{"type":"Point","coordinates":[65.429,26.212]}},{"type":"Feature","properties":{"weight":2.2,"date":"2026-08-28","country":"Pakistan"},"geometry":{"type":"Point","coordinates":[67.733,29.211]}},{"type":"Feature","properties":{"weight":1.6,"date":"2026-08-30","country":"Pakistan"},"geometry":{"type":"Point","coordinates":[63.061,26.004]}},{"type":"Feature","properties":{"weight":1.6,"date":"2026-08-30","country":"Pakistan"},"geometry":{"type":"Point","coordinates":[66.778,29.668]}},{"type":"Feature","properties":{"weight":1.95,"date":"2026-08-30","country":"Pakistan"},"geometry":{"type":"Point","coordinates":[64.127,27.5]}},{"type":"Feature","properties":{"weight":1.6,"date":"2026-08-31","country":"Pakistan"},"geometry":{"type":"Point","coordinates":[63.472,25.281]}},{"type":"Feature","properties":{"weight":3.23,"date":"2026-08-31","country":"Pakistan"},"geometry":{"type":"Point","coordinates":[64.409,28.887]}},{"type":"Feature","properties":{"weight":3.16,"date":"2026-08-31","country":"Pakistan"},"geometry":{"type":"Point","coordinates":[64.816,28.96]}},{"type":"Feature","properties":{"weight":2.91,"date":"2026-08-31","country":"Pakistan"},"geometry":{"type":"Point","coordinates":[62.925,27.924]}},{"type":"Feature","properties":{"weight":2.4,"date":"2026-08-31","country":"Pakistan"},"geometry":{"type":"Point","coordinates":[65.429,26.212]}},{"type":"Feature","properties":{"weight":1.6,"date":"2026-08-01","country":"Pakistan"},"geometry":{"type":"Point","coordinates":[67.825,29.259]}},{"type":"Feature","properties":{"weight":1.6,"date":"2026-08-11","country":"Pakistan"},"geometry":{"type":"Point","coordinates":[65.49,28.509]}},{"type":"Feature","properties":{"weight":2.56,"date":"2026-08-24","country":"Pakistan"},"geometry":{"type":"Point","coordinates":[66.873,30.585]}},{"type":"Feature","properties":{"weight":1.0,"date":"2026-08-25","country":"Pakistan"},"geometry":{"type":"Point","coordinates":[64.111,28.796]}},{"type":"Feature","properties":{"weight":2.2,"date":"2026-08-30","country":"Pakistan"},"geometry":{"type":"Point","coordinates":[68.569,30.134]}},{"type":"Feature","properties":{"weight":1.6,"date":"2026-08-12","country":"Pakistan"},"geometry":{"type":"Point","coordinates":[67.01,24.86]}},{"type":"Feature","properties":{"weight":2.91,"date":"2026-08-02","country":"Pakistan"},"geometry":{"type":"Point","coordinates":[69.745,32.908]}},{"type":"Feature","properties":{"weight":1.95,"date":"2026-08-03","country":"Pakistan"},"geometry":{"type":"Point","coordinates":[70.683,33.802]}},{"type":"Feature","properties":{"weight":2.81,"date":"2026-08-07","country":"Pakistan"},"geometry":{"type":"Point","coordinates":[70.666,33.314]}},{"type":"Feature","properties":{"weight":1.6,"date":"2026-08-10","country":"Pakistan"},"geometry":{"type":"Point","coordinates":[70.53,32.978]}},{"type":"Feature","properties":{"weight":1.95,"date":"2026-08-10","country":"Pakistan"},"geometry":{"type":"Point","coordinates":[70.727,33.172]}},{"type":"Feature","properties":{"weight":2.56,"date":"2026-08-21","country":"Pakistan"},"geometry":{"type":"Point","coordinates":[70.637,32.904]}},{"type":"Feature","properties":{"weight":1.6,"date":"2026-08-01","country":"Papua New Guinea"},"geometry":{"type":"Point","coordinates":[143.931,-5.527]}},{"type":"Feature","properties":{"weight":2.4,"date":"2026-01-01","country":"Philippines"},"geometry":{"type":"Point","coordinates":[122.0,13.0]}},{"type":"Feature","properties":{"weight":2.2,"date":"2026-08-04","country":"Philippines"},"geometry":{"type":"Point","coordinates":[120.85,17.601]}},{"type":"Feature","properties":{"weight":2.56,"date":"2026-08-06","country":"Philippines"},"geometry":{"type":"Point","coordinates":[124.694,7.044]}},{"type":"Feature","properties":{"weight":1.95,"date":"2026-08-29","country":"Philippines"},"geometry":{"type":"Point","coordinates":[124.292,8.028]}},{"type":"Feature","properties":{"weight":2.2,"date":"2026-08-03","country":"Russia (Soviet Union)"},"geometry":{"type":"Point","coordinates":[35.327,51.203]}},{"type":"Feature","properties":{"weight":2.2,"date":"2026-08-07","country":"Russia (Soviet Union)"},"geometry":{"type":"Point","coordinates":[36.0,51.5]}},{"type":"Feature","properties":{"weight":2.69,"date":"2026-08-08","country":"Russia (Soviet Union)"},"geometry":{"type":"Point","coordinates":[34.879,51.239]}},{"type":"Feature","properties":{"weight":2.91,"date":"2026-08-08","country":"Russia (Soviet Union)"},"geometry":{"type":"Point","coordinates":[36.0,51.5]}},{"type":"Feature","properties":{"weight":2.4,"date":"2026-08-08","country":"Russia (Soviet Union)"},"geometry":{"type":"Point","coordinates":[38.066,44.58]}},{"type":"Feature","properties":{"weight":2.69,"date":"2026-08-08","country":"Russia (Soviet Union)"},"geometry":{"type":"Point","coordinates":[36.739,50.403]}},{"type":"Feature","properties":{"weight":1.6,"date":"2026-08-14","country":"Russia (Soviet Union)"},"geometry":{"type":"Point","coordinates":[36.486,50.788]}},{"type":"Feature","properties":{"weight":1.6,"date":"2026-08-16","country":"Russia (Soviet Union)"},"geometry":{"type":"Point","coordinates":[35.344,51.152]}},{"type":"Feature","properties":{"weight":2.2,"date":"2026-08-19","country":"Russia (Soviet Union)"},"geometry":{"type":"Point","coordinates":[35.248,51.187]}},{"type":"Feature","properties":{"weight":2.2,"date":"2026-08-21","country":"Russia (Soviet Union)"},"geometry":{"type":"Point","coordinates":[35.484,51.118]}},{"type":"Feature","properties":{"weight":1.95,"date":"2026-08-22","country":"Russia (Soviet Union)"},"geometry":{"type":"Point","coordinates":[37.5,50.75]}},{"type":"Feature","properties":{"weight":1.6,"date":"2026-08-23","country":"Russia (Soviet Union)"},"geometry":{"type":"Point","coordinates":[36.326,50.41]}},{"type":"Feature","properties":{"weight":2.2,"date":"2026-08-23","country":"Russia (Soviet Union)"},"geometry":{"type":"Point","coordinates":[38.983,45.031]}},{"type":"Feature","properties":{"weight":1.6,"date":"2026-08-24","country":"Russia (Soviet Union)"},"geometry":{"type":"Point","coordinates":[37.5,50.75]}},{"type":"Feature","properties":{"weight":1.6,"date":"2026-08-24","country":"Russia (Soviet Union)"},"geometry":{"type":"Point","coordinates":[36.0,51.5]}},{"type":"Feature","properties":{"weight":1.6,"date":"2026-08-25","country":"Russia (Soviet Union)"},"geometry":{"type":"Point","coordinates":[37.0,50.5]}},{"type":"Feature","properties":{"weight":1.95,"date":"2026-08-30","country":"Russia (Soviet Union)"},"geometry":{"type":"Point","coordinates":[38.21,46.68]}},{"type":"Feature","properties":{"weight":1.6,"date":"2026-08-30","country":"Russia (Soviet Union)"},"geometry":{"type":"Point","coordinates":[36.0,51.5]}},{"type":"Feature","properties":{"weight":1.95,"date":"2026-08-31","country":"Russia (Soviet Union)"},"geometry":{"type":"Point","coordinates":[39.482,47.285]}},{"type":"Feature","properties":{"weight":1.95,"date":"2026-08-31","country":"Russia (Soviet Union)"},"geometry":{"type":"Point","coordinates":[30.335,59.934]}},{"type":"Feature","properties":{"weight":1.0,"date":"2026-08-01","country":"Somalia"},"geometry":{"type":"Point","coordinates":[45.783,4.626]}},{"type":"Feature","properties":{"weight":1.95,"date":"2026-08-02","country":"Somalia"},"geometry":{"type":"Point","coordinates":[46.083,4.383]}},{"type":"Feature","properties":{"weight":1.0,"date":"2026-08-02","country":"Somalia"},"geometry":{"type":"Point","coordinates":[44.773,1.917]}},{"type":"Feature","properties":{"weight":1.0,"date":"2026-08-03","country":"Somalia"},"geometry":{"type":"Point","coordinates":[43.248,3.808]}},{"type":"Feature","properties":{"weight":1.0,"date":"2026-08-06","country":"Somalia"},"geometry":{"type":"Point","coordinates":[43.65,3.117]}},{"type":"Feature","properties":{"weight":1.0,"date":"2026-08-06","country":"Somalia"},"geometry":{"type":"Point","coordinates":[45.798,2.297]}},{"type":"Feature","properties":{"weight":2.69,"date":"2026-08-09","country":"Somalia"},"geometry":{"type":"Point","coordinates":[46.697,3.693]}},{"type":"Feature","properties":{"weight":1.0,"date":"2026-08-10","country":"Somalia"},"geometry":{"type":"Point","coordinates":[45.367,2.067]}},{"type":"Feature","properties":{"weight":1.0,"date":"2026-08-10","country":"Somalia"},"geometry":{"type":"Point","coordinates":[44.833,1.983]}},{"type":"Feature","properties":{"weight":2.81,"date":"2026-08-11","country":"Somalia"},"geometry":{"type":"Point","coordinates":[44.909,2.08]}},{"type":"Feature","properties":{"weight":2.81,"date":"2026-08-12","country":"Somalia"},"geometry":{"type":"Point","coordinates":[46.083,4.383]}},{"type":"Feature","properties":{"weight":3.0,"date":"2026-08-14","country":"Somalia"},"geometry":{"type":"Point","coordinates":[45.714,2.714]}},{"type":"Feature","properties":{"weight":1.0,"date":"2026-08-14","country":"Somalia"},"geometry":{"type":"Point","coordinates":[44.833,1.983]}},{"type":"Feature","properties":{"weight":1.0,"date":"2026-08-15","country":"Somalia"},"geometry":{"type":"Point","coordinates":[45.367,2.067]}},{"type":"Feature","properties":{"weight":2.91,"date":"2026-08-16","country":"Somalia"},"geometry":{"type":"Point","coordinates":[45.965,3.566]}},{"type":"Feature","properties":{"weight":1.0,"date":"2026-08-18","country":"Somalia"},"geometry":{"type":"Point","coordinates":[45.367,2.067]}},{"type":"Feature","properties":{"weight":3.56,"date":"2026-08-19","country":"Somalia"},"geometry":{"type":"Point","coordinates":[43.65,3.117]}},{"type":"Feature","properties":{"weight":1.95,"date":"2026-08-19","country":"Somalia"},"geometry":{"type":"Point","coordinates":[45.743,3.071]}},{"type":"Feature","properties":{"weight":1.95,"date":"2026-08-20","country":"Somalia"},"geometry":{"type":"Point","coordinates":[45.798,2.297]}},{"type":"Feature","properties":{"weight":1.95,"date":"2026-08-20","country":"Somalia"},"geometry":{"type":"Point","coordinates":[41.012,0.406]}},{"type":"Feature","properties":{"weight":1.6,"date":"2026-08-21","country":"Somalia"},"geometry":{"type":"Point","coordinates":[46.435,3.178]}},{"type":"Feature","properties":{"weight":1.0,"date":"2026-08-21","country":"Somalia"},"geometry":{"type":"Point","coordinates":[44.773,1.917]}},{"type":"Feature","properties":{"weight":1.95,"date":"2026-08-21","country":"Somalia"},"geometry":{"type":"Point","coordinates":[45.904,2.925]}},{"type":"Feature","properties":{"weight":1.6,"date":"2026-08-22","country":"Somalia"},"geometry":{"type":"Point","coordinates":[46.569,3.206]}},{"type":"Feature","properties":{"weight":1.0,"date":"2026-08-22","country":"Somalia"},"geometry":{"type":"Point","coordinates":[44.79,2.651]}},{"type":"Feature","properties":{"weight":1.6,"date":"2026-08-23","country":"Somalia"},"geometry":{"type":"Point","coordinates":[42.773,0.496]}},{"type":"Feature","properties":{"weight":1.0,"date":"2026-08-24","country":"Somalia"},"geometry":{"type":"Point","coordinates":[44.785,2.672]}},{"type":"Feature","properties":{"weight":2.2,"date":"2026-08-24","country":"Somalia"},"geometry":{"type":"Point","coordinates":[42.773,0.496]}},{"type":"Feature","properties":{"weight":1.0,"date":"2026-08-26","country":"Somalia"},"geometry":{"type":"Point","coordinates":[45.367,2.067]}},{"type":"Feature","properties":{"weight":1.0,"date":"2026-08-28","country":"Somalia"},"geometry":{"type":"Point","coordinates":[44.773,1.917]}},{"type":"Feature","properties":{"weight":1.0,"date":"2026-08-29","country":"Somalia"},"geometry":{"type":"Point","coordinates":[45.367,2.067]}},{"type":"Feature","properties":{"weight":2.56,"date":"2026-08-29","country":"Somalia"},"geometry":{"type":"Point","coordinates":[44.764,1.713]}},{"type":"Feature","properties":{"weight":1.0,"date":"2026-08-30","country":"Somalia"},"geometry":{"type":"Point","coordinates":[45.21,2.082]}},{"type":"Feature","properties":{"weight":2.2,"date":"2026-08-31","country":"Somalia"},"geometry":{"type":"Point","coordinates":[45.267,2.3]}},{"type":"Feature","properties":{"weight":4.23,"date":"2026-08-17","country":"Somalia"},"geometry":{"type":"Point","coordinates":[43.65,3.117]}},{"type":"Feature","properties":{"weight":3.56,"date":"2026-08-05","country":"Somalia"},"geometry":{"type":"Point","coordinates":[47.431,6.77]}},{"type":"Feature","properties":{"weight":3.08,"date":"2026-08-02","country":"Somalia"},"geometry":{"type":"Point","coordinates":[49.908,11.085]}},{"type":"Feature","properties":{"weight":1.95,"date":"2026-08-07","country":"South Africa"},"geometry":{"type":"Point","coordinates":[28.251,-26.224]}},{"type":"Feature","properties":{"weight":2.4,"date":"2026-08-01","country":"South Africa"},"geometry":{"type":"Point","coordinates":[18.583,-33.983]}},{"type":"Feature","properties":{"weight":2.2,"date":"2026-08-08","country":"South Africa"},"geometry":{"type":"Point","coordinates":[18.679,-34.039]}},{"type":"Feature","properties":{"weight":2.56,"date":"2026-08-08","country":"South Africa"},"geometry":{"type":"Point","coordinates":[18.53,-33.945]}},{"type":"Feature","properties":{"weight":2.2,"date":"2026-08-09","country":"South Africa"},"geometry":{"type":"Point","coordinates":[18.567,-33.983]}},{"type":"Feature","properties":{"weight":2.2,"date":"2026-08-15","country":"South Africa"},"geometry":{"type":"Point","coordinates":[28.044,-26.202]}},{"type":"Feature","properties":{"weight":2.56,"date":"2026-08-21","country":"South Africa"},"geometry":{"type":"Point","coordinates":[18.417,-33.917]}},{"type":"Feature","properties":{"weight":2.56,"date":"2026-08-23","country":"South Africa"},"geometry":{"type":"Point","coordinates":[18.417,-33.917]}},{"type":"Feature","properties":{"weight":2.2,"date":"2026-08-24","country":"South Africa"},"geometry":{"type":"Point","coordinates":[18.417,-33.917]}},{"type":"Feature","properties":{"weight":1.6,"date":"2026-08-25","country":"South Africa"},"geometry":{"type":"Point","coordinates":[18.417,-33.917]}},{"type":"Feature","properties":{"weight":1.6,"date":"2026-07-10","country":"South Africa"},"geometry":{"type":"Point","coordinates":[28.742,-25.81]}},{"type":"Feature","properties":{"weight":2.2,"date":"2026-07-29","country":"South Africa"},"geometry":{"type":"Point","coordinates":[18.606,-34.049]}},{"type":"Feature","properties":{"weight":1.6,"date":"2026-08-05","country":"South Africa"},"geometry":{"type":"Point","coordinates":[18.417,-33.917]}},{"type":"Feature","properties":{"weight":1.95,"date":"2026-08-07","country":"South Africa"},"geometry":{"type":"Point","coordinates":[28.251,-26.224]}},{"type":"Feature","properties":{"weight":1.6,"date":"2026-08-17","country":"South Africa"},"geometry":{"type":"Point","coordinates":[18.417,-33.917]}},{"type":"Feature","properties":{"weight":1.95,"date":"2026-08-20","country":"South Africa"},"geometry":{"type":"Point","coordinates":[23.047,-34.036]}},{"type":"Feature","properties":{"weight":4.57,"date":"2026-08-09","country":"South Sudan"},"geometry":{"type":"Point","coordinates":[28.924,8.514]}},{"type":"Feature","properties":{"weight":4.4,"date":"2026-08-27","country":"South Sudan"},"geometry":{"type":"Point","coordinates":[28.858,8.212]}},{"type":"Feature","properties":{"weight":2.2,"date":"2026-08-16","country":"Spain"},"geometry":{"type":"Point","coordinates":[-7.317,37.2]}},{"type":"Feature","properties":{"weight":1.6,"date":"2026-08-06","country":"Sri Lanka"},"geometry":{"type":"Point","coordinates":[79.848,6.932]}},{"type":"Feature","properties":{"weight":1.95,"date":"2026-08-06","country":"Sri Lanka"},"geometry":{"type":"Point","coordinates":[80.366,6.777]}},{"type":"Feature","properties":{"weight":3.46,"date":"2026-08-10","country":"Sudan"},"geometry":{"type":"Point","coordinates":[26.5,11.167]}},{"type":"Feature","properties":{"weight":2.4,"date":"2026-08-10","country":"Sudan"},"geometry":{"type":"Point","coordinates":[26.5,11.167]}},{"type":"Feature","properties":{"weight":1.95,"date":"2026-08-01","country":"Sudan"},"geometry":{"type":"Point","coordinates":[35.946,14.097]}},{"type":"Feature","properties":{"weight":1.6,"date":"2026-08-07","country":"Sudan"},"geometry":{"type":"Point","coordinates":[32.437,15.636]}},{"type":"Feature","properties":{"weight":2.56,"date":"2026-08-13","country":"Sudan"},"geometry":{"type":"Point","coordinates":[27.974,14.638]}},{"type":"Feature","properties":{"weight":1.6,"date":"2026-08-19","country":"Sudan"},"geometry":{"type":"Point","coordinates":[27.974,14.638]}},{"type":"Feature","properties":{"weight":1.6,"date":"2026-08-23","country":"Sudan"},"geometry":{"type":"Point","coordinates":[33.56,15.77]}},{"type":"Feature","properties":{"weight":2.2,"date":"2026-08-15","country":"Sudan"},"geometry":{"type":"Point","coordinates":[30.565,11.091]}},{"type":"Feature","properties":{"weight":3.46,"date":"2026-08-13","country":"Sudan"},"geometry":{"type":"Point","coordinates":[30.0,15.0]}},{"type":"Feature","properties":{"weight":4.33,"date":"2026-08-02","country":"Sudan"},"geometry":{"type":"Point","coordinates":[24.111,13.889]}},{"type":"Feature","properties":{"weight":1.95,"date":"2026-08-03","country":"Sudan"},"geometry":{"type":"Point","coordinates":[25.35,13.633]}},{"type":"Feature","properties":{"weight":1.95,"date":"2026-08-04","country":"Sudan"},"geometry":{"type":"Point","coordinates":[22.379,13.463]}},{"type":"Feature","properties":{"weight":2.2,"date":"2026-08-04","country":"Sudan"},"geometry":{"type":"Point","coordinates":[24.0,19.5]}},{"type":"Feature","properties":{"weight":2.2,"date":"2026-08-06","country":"Sudan"},"geometry":{"type":"Point","coordinates":[29.5,14.5]}},{"type":"Feature","properties":{"weight":2.56,"date":"2026-08-06","country":"Sudan"},"geometry":{"type":"Point","coordinates":[30.15,12.783]}},{"type":"Feature","properties":{"weight":2.2,"date":"2026-08-07","country":"Sudan"},"geometry":{"type":"Point","coordinates":[22.379,13.463]}},{"type":"Feature","properties":{"weight":2.4,"date":"2026-08-08","country":"Sudan"},"geometry":{"type":"Point","coordinates":[30.37,13.699]}},{"type":"Feature","properties":{"weight":1.95,"date":"2026-08-10","country":"Sudan"},"geometry":{"type":"Point","coordinates":[24.083,13.65]}},{"type":"Feature","properties":{"weight":3.6,"date":"2026-08-10","country":"Sudan"},"geometry":{"type":"Point","coordinates":[27.974,14.638]}},{"type":"Feature","properties":{"weight":3.64,"date":"2026-08-11","country":"Sudan"},"geometry":{"type":"Point","coordinates":[34.791,10.781]}},{"type":"Feature","properties":{"weight":1.95,"date":"2026-08-12","country":"Sudan"},"geometry":{"type":"Point","coordinates":[30.217,13.184]}},{"type":"Feature","properties":{"weight":1.6,"date":"2026-08-13","country":"Sudan"},"geometry":{"type":"Point","coordinates":[27.974,14.638]}},{"type":"Feature","properties":{"weight":3.56,"date":"2026-08-14","country":"Sudan"},"geometry":{"type":"Point","coordinates":[30.117,12.983]}},{"type":"Feature","properties":{"weight":1.95,"date":"2026-08-15","country":"Sudan"},"geometry":{"type":"Point","coordinates":[26.695,13.592]}},{"type":"Feature","properties":{"weight":1.95,"date":"2026-08-15","country":"Sudan"},"geometry":{"type":"Point","coordinates":[25.55,14.133]}},{"type":"Feature","properties":{"weight":1.6,"date":"2026-08-16","country":"Sudan"},"geometry":{"type":"Point","coordinates":[34.791,10.781]}},{"type":"Feature","properties":{"weight":1.95,"date":"2026-08-16","country":"Sudan"},"geometry":{"type":"Point","coordinates":[34.283,10.55]}},{"type":"Feature","properties":{"weight":2.81,"date":"2026-08-23","country":"Sudan"},"geometry":{"type":"Point","coordinates":[24.0,20.0]}},{"type":"Feature","properties":{"weight":2.56,"date":"2026-08-23","country":"Sudan"},"geometry":{"type":"Point","coordinates":[34.8,10.75]}},{"type":"Feature","properties":{"weight":3.29,"date":"2026-08-27","country":"Sudan"},"geometry":{"type":"Point","coordinates":[22.229,13.463]}},{"type":"Feature","properties":{"weight":1.0,"date":"2026-08-27","country":"Sudan"},"geometry":{"type":"Point","coordinates":[30.0,11.0]}},{"type":"Feature","properties":{"weight":2.91,"date":"2026-08-27","country":"Sudan"},"geometry":{"type":"Point","coordinates":[29.083,14.583]}},{"type":"Feature","properties":{"weight":3.8,"date":"2026-08-27","country":"Sudan"},"geometry":{"type":"Point","coordinates":[34.283,10.55]}},{"type":"Feature","properties":{"weight":1.0,"date":"2026-08-28","country":"Sudan"},"geometry":{"type":"Point","coordinates":[34.1,11.15]}},{"type":"Feature","properties":{"weight":2.2,"date":"2026-08-28","country":"Sudan"},"geometry":{"type":"Point","coordinates":[29.65,12.05]}},{"type":"Feature","properties":{"weight":1.0,"date":"2026-08-28","country":"Sudan"},"geometry":{"type":"Point","coordinates":[31.247,12.367]}},{"type":"Feature","properties":{"weight":1.95,"date":"2026-08-28","country":"Sudan"},"geometry":{"type":"Point","coordinates":[30.0,15.0]}},{"type":"Feature","properties":{"weight":2.4,"date":"2026-08-31","country":"Sudan"},"geometry":{"type":"Point","coordinates":[25.8,12.483]}},{"type":"Feature","properties":{"weight":1.95,"date":"2026-08-31","country":"Sudan"},"geometry":{"type":"Point","coordinates":[24.624,14.339]}},{"type":"Feature","properties":{"weight":1.6,"date":"2026-08-02","country":"Sudan"},"geometry":{"type":"Point","coordinates":[29.232,12.352]}},{"type":"Feature","properties":{"weight":1.95,"date":"2026-08-03","country":"Sudan"},"geometry":{"type":"Point","coordinates":[28.423,12.693]}},{"type":"Feature","properties":{"weight":1.95,"date":"2026-08-04","country":"Sudan"},"geometry":{"type":"Point","coordinates":[28.423,12.693]}},{"type":"Feature","properties":{"weight":1.6,"date":"2026-08-12","country":"Sudan"},"geometry":{"type":"Point","coordinates":[27.333,12.0]}},{"type":"Feature","properties":{"weight":1.6,"date":"2026-08-17","country":"Sudan"},"geometry":{"type":"Point","coordinates":[24.883,12.05]}},{"type":"Feature","properties":{"weight":2.69,"date":"2026-08-19","country":"Sudan"},"geometry":{"type":"Point","coordinates":[30.111,13.778]}},{"type":"Feature","properties":{"weight":1.6,"date":"2026-08-21","country":"Sudan"},"geometry":{"type":"Point","coordinates":[26.59,17.335]}},{"type":"Feature","properties":{"weight":2.56,"date":"2026-08-29","country":"Sudan"},"geometry":{"type":"Point","coordinates":[30.37,13.699]}},{"type":"Feature","properties":{"weight":1.95,"date":"2026-08-06","country":"Syria"},"geometry":{"type":"Point","coordinates":[36.344,33.487]}},{"type":"Feature","properties":{"weight":1.6,"date":"2026-08-11","country":"Syria"},"geometry":{"type":"Point","coordinates":[38.036,35.963]}},{"type":"Feature","properties":{"weight":2.2,"date":"2026-08-19","country":"Syria"},"geometry":{"type":"Point","coordinates":[41.298,36.891]}},{"type":"Feature","properties":{"weight":1.6,"date":"2026-08-22","country":"Syria"},"geometry":{"type":"Point","coordinates":[37.2,35.233]}},{"type":"Feature","properties":{"weight":1.6,"date":"2026-08-24","country":"Syria"},"geometry":{"type":"Point","coordinates":[38.284,34.562]}},{"type":"Feature","properties":{"weight":1.95,"date":"2026-08-28","country":"Syria"},"geometry":{"type":"Point","coordinates":[40.748,36.502]}},{"type":"Feature","properties":{"weight":2.2,"date":"2026-08-01","country":"Syria"},"geometry":{"type":"Point","coordinates":[36.511,33.545]}},{"type":"Feature","properties":{"weight":2.2,"date":"2026-08-02","country":"Syria"},"geometry":{"type":"Point","coordinates":[39.636,35.772]}},{"type":"Feature","properties":{"weight":1.6,"date":"2026-08-07","country":"Syria"},"geometry":{"type":"Point","coordinates":[36.997,36.316]}},{"type":"Feature","properties":{"weight":1.6,"date":"2026-08-08","country":"Syria"},"geometry":{"type":"Point","coordinates":[40.769,35.762]}},{"type":"Feature","properties":{"weight":1.6,"date":"2026-08-13","country":"Syria"},"geometry":{"type":"Point","coordinates":[39.198,35.882]}},{"type":"Feature","properties":{"weight":1.95,"date":"2026-08-15","country":"Syria"},"geometry":{"type":"Point","coordinates":[37.161,36.201]}},{"type":"Feature","properties":{"weight":1.6,"date":"2026-08-17","country":"Syria"},"geometry":{"type":"Point","coordinates":[38.875,34.885]}},{"type":"Feature","properties":{"weight":1.6,"date":"2026-08-28","country":"Syria"},"geometry":{"type":"Point","coordinates":[36.368,32.596]}},{"type":"Feature","properties":{"weight":1.6,"date":"2026-08-29","country":"Syria"},"geometry":{"type":"Point","coordinates":[36.043,32.891]}},{"type":"Feature","properties":{"weight":1.6,"date":"2026-08-16","country":"Syria"},"geometry":{"type":"Point","coordinates":[40.09,35.7]}},{"type":"Feature","properties":{"weight":1.6,"date":"2026-08-02","country":"Syria"},"geometry":{"type":"Point","coordinates":[40.283,35.167]}},{"type":"Feature","properties":{"weight":1.6,"date":"2026-08-02","country":"Syria"},"geometry":{"type":"Point","coordinates":[40.748,36.502]}},{"type":"Feature","properties":{"weight":1.6,"date":"2026-08-02","country":"Syria"},"geometry":{"type":"Point","coordinates":[36.756,35.755]}},{"type":"Feature","properties":{"weight":1.6,"date":"2026-08-03","country":"Syria"},"geometry":{"type":"Point","coordinates":[35.79,35.532]}},{"type":"Feature","properties":{"weight":1.6,"date":"2026-08-04","country":"Syria"},"geometry":{"type":"Point","coordinates":[36.947,36.218]}},{"type":"Feature","properties":{"weight":1.6,"date":"2026-08-05","country":"Syria"},"geometry":{"type":"Point","coordinates":[35.79,35.532]}},{"type":"Feature","properties":{"weight":1.6,"date":"2026-08-08","country":"Syria"},"geometry":{"type":"Point","coordinates":[36.13,32.754]}},{"type":"Feature","properties":{"weight":1.6,"date":"2026-08-08","country":"Syria"},"geometry":{"type":"Point","coordinates":[36.667,35.767]}},{"type":"Feature","properties":{"weight":1.6,"date":"2026-08-08","country":"Syria"},"geometry":{"type":"Point","coordinates":[40.141,35.336]}},{"type":"Feature","properties":{"weight":1.6,"date":"2026-08-09","country":"Syria"},"geometry":{"type":"Point","coordinates":[36.739,33.807]}},{"type":"Feature","properties":{"weight":1.6,"date":"2026-08-10","country":"Syria"},"geometry":{"type":"Point","coordinates":[36.55,34.846]}},{"type":"Feature","properties":{"weight":1.6,"date":"2026-08-13","country":"Syria"},"geometry":{"type":"Point","coordinates":[36.076,33.061]}},{"type":"Feature","properties":{"weight":1.6,"date":"2026-08-15","country":"Syria"},"geometry":{"type":"Point","coordinates":[37.872,36.292]}},{"type":"Feature","properties":{"weight":1.6,"date":"2026-08-16","country":"Syria"},"geometry":{"type":"Point","coordinates":[36.323,35.516]}},{"type":"Feature","properties":{"weight":1.6,"date":"2026-08-16","country":"Syria"},"geometry":{"type":"Point","coordinates":[36.75,35.133]}},{"type":"Feature","properties":{"weight":1.6,"date":"2026-08-16","country":"Syria"},"geometry":{"type":"Point","coordinates":[36.723,34.727]}},{"type":"Feature","properties":{"weight":1.6,"date":"2026-08-17","country":"Syria"},"geometry":{"type":"Point","coordinates":[36.322,35.523]}},{"type":"Feature","properties":{"weight":1.6,"date":"2026-08-17","country":"Syria"},"geometry":{"type":"Point","coordinates":[36.804,35.124]}},{"type":"Feature","properties":{"weight":1.6,"date":"2026-08-18","country":"Syria"},"geometry":{"type":"Point","coordinates":[40.141,35.336]}},{"type":"Feature","properties":{"weight":1.6,"date":"2026-08-18","country":"Syria"},"geometry":{"type":"Point","coordinates":[36.567,32.712]}},{"type":"Feature","properties":{"weight":1.6,"date":"2026-08-19","country":"Syria"},"geometry":{"type":"Point","coordinates":[40.426,35.156]}},{"type":"Feature","properties":{"weight":1.6,"date":"2026-08-19","country":"Syria"},"geometry":{"type":"Point","coordinates":[40.283,35.167]}},{"type":"Feature","properties":{"weight":1.6,"date":"2026-08-20","country":"Syria"},"geometry":{"type":"Point","coordinates":[36.693,33.642]}},{"type":"Feature","properties":{"weight":1.6,"date":"2026-08-20","country":"Syria"},"geometry":{"type":"Point","coordinates":[41.15,36.39]}},{"type":"Feature","properties":{"weight":1.6,"date":"2026-08-20","country":"Syria"},"geometry":{"type":"Point","coordinates":[36.102,32.619]}},{"type":"Feature","properties":{"weight":1.6,"date":"2026-08-20","country":"Syria"},"geometry":{"type":"Point","coordinates":[36.734,35.198]}},{"type":"Feature","properties":{"weight":1.6,"date":"2026-08-20","country":"Syria"},"geometry":{"type":"Point","coordinates":[36.984,35.177]}},{"type":"Feature","properties":{"weight":1.6,"date":"2026-08-20","country":"Syria"},"geometry":{"type":"Point","coordinates":[36.825,36.139]}},{"type":"Feature","properties":{"weight":1.6,"date":"2026-08-20","country":"Syria"},"geometry":{"type":"Point","coordinates":[40.748,36.502]}},{"type":"Feature","properties":{"weight":1.95,"date":"2026-08-21","country":"Syria"},"geometry":{"type":"Point","coordinates":[37.53,36.347]}},{"type":"Feature","properties":{"weight":1.6,"date":"2026-08-23","country":"Syria"},"geometry":{"type":"Point","coordinates":[36.697,32.897]}},{"type":"Feature","properties":{"weight":1.6,"date":"2026-08-24","country":"Syria"},"geometry":{"type":"Point","coordinates":[41.231,37.052]}},{"type":"Feature","properties":{"weight":2.2,"date":"2026-08-27","country":"Syria"},"geometry":{"type":"Point","coordinates":[37.161,36.201]}},{"type":"Feature","properties":{"weight":1.6,"date":"2026-08-30","country":"Syria"},"geometry":{"type":"Point","coordinates":[36.123,34.804]}},{"type":"Feature","properties":{"weight":1.95,"date":"2026-08-08","country":"Syria"},"geometry":{"type":"Point","coordinates":[40.369,35.246]}},{"type":"Feature","properties":{"weight":1.6,"date":"2026-08-28","country":"Syria"},"geometry":{"type":"Point","coordinates":[36.774,32.649]}},{"type":"Feature","properties":{"weight":1.6,"date":"2026-08-13","country":"Tajikistan"},"geometry":{"type":"Point","coordinates":[71.723,37.328]}},{"type":"Feature","properties":{"weight":1.95,"date":"2026-08-02","country":"Thailand"},"geometry":{"type":"Point","coordinates":[101.949,6.3]}},{"type":"Feature","properties":{"weight":1.95,"date":"2026-08-05","country":"Thailand"},"geometry":{"type":"Point","coordinates":[101.738,5.915]}},{"type":"Feature","properties":{"weight":1.6,"date":"2026-08-29","country":"Uganda"},"geometry":{"type":"Point","coordinates":[32.5,0.167]}},{"type":"Feature","properties":{"weight":1.6,"date":"2026-08-05","country":"Uganda"},"geometry":{"type":"Point","coordinates":[31.036,3.385]}},{"type":"Feature","properties":{"weight":8.4,"date":"2026-08-01","country":"Ukraine"},"geometry":{"type":"Point","coordinates":[32.0,49.0]}},{"type":"Feature","properties":{"weight":1.95,"date":"2026-08-01","country":"Ukraine"},"geometry":{"type":"Point","coordinates":[37.043,48.238]}},{"type":"Feature","properties":{"weight":1.6,"date":"2026-08-01","country":"Ukraine"},"geometry":{"type":"Point","coordinates":[30.807,50.518]}},{"type":"Feature","properties":{"weight":3.0,"date":"2026-08-01","country":"Ukraine"},"geometry":{"type":"Point","coordinates":[30.523,50.45]}},{"type":"Feature","properties":{"weight":1.6,"date":"2026-08-01","country":"Ukraine"},"geometry":{"type":"Point","coordinates":[34.442,47.769]}},{"type":"Feature","properties":{"weight":1.6,"date":"2026-08-01","country":"Ukraine"},"geometry":{"type":"Point","coordinates":[36.1,48.2]}},{"type":"Feature","properties":{"weight":1.6,"date":"2026-08-01","country":"Ukraine"},"geometry":{"type":"Point","coordinates":[32.615,46.637]}},{"type":"Feature","properties":{"weight":1.6,"date":"2026-08-01","country":"Ukraine"},"geometry":{"type":"Point","coordinates":[35.51,47.623]}},{"type":"Feature","properties":{"weight":1.95,"date":"2026-08-01","country":"Ukraine"},"geometry":{"type":"Point","coordinates":[37.528,48.621]}},{"type":"Feature","properties":{"weight":1.6,"date":"2026-08-01","country":"Ukraine"},"geometry":{"type":"Point","coordinates":[35.26,50.775]}},{"type":"Feature","properties":{"weight":1.6,"date":"2026-08-02","country":"Ukraine"},"geometry":{"type":"Point","coordinates":[37.385,48.712]}},{"type":"Feature","properties":{"weight":1.6,"date":"2026-08-02","country":"Ukraine"},"geometry":{"type":"Point","coordinates":[37.51,48.662]}},{"type":"Feature","properties":{"weight":1.6,"date":"2026-08-02","country":"Ukraine"},"geometry":{"type":"Point","coordinates":[34.249,51.253]}},{"type":"Feature","properties":{"weight":2.2,"date":"2026-08-02","country":"Ukraine"},"geometry":{"type":"Point","coordinates":[37.429,48.337]}},{"type":"Feature","properties":{"weight":1.6,"date":"2026-08-02","country":"Ukraine"},"geometry":{"type":"Point","coordinates":[36.38,47.5]}},{"type":"Feature","properties":{"weight":1.6,"date":"2026-08-02","country":"Ukraine"},"geometry":{"type":"Point","coordinates":[38.37,48.268]}},{"type":"Feature","properties":{"weight":2.2,"date":"2026-08-02","country":"Ukraine"},"geometry":{"type":"Point","coordinates":[37.978,49.168]}},{"type":"Feature","properties":{"weight":1.6,"date":"2026-08-02","country":"Ukraine"},"geometry":{"type":"Point","coordinates":[36.346,46.734]}},{"type":"Feature","properties":{"weight":1.6,"date":"2026-08-02","country":"Ukraine"},"geometry":{"type":"Point","coordinates":[36.009,49.959]}},{"type":"Feature","properties":{"weight":1.6,"date":"2026-08-02","country":"Ukraine"},"geometry":{"type":"Point","coordinates":[35.121,47.841]}},{"type":"Feature","properties":{"weight":1.6,"date":"2026-08-02","country":"Ukraine"},"geometry":{"type":"Point","coordinates":[32.615,46.637]}},{"type":"Feature","properties":{"weight":1.95,"date":"2026-08-02","country":"Ukraine"},"geometry":{"type":"Point","coordinates":[37.049,48.253]}},{"type":"Feature","properties":{"weight":2.2,"date":"2026-08-03","country":"Ukraine"},"geometry":{"type":"Point","coordinates":[37.199,48.222]}},{"type":"Feature","properties":{"weight":1.6,"date":"2026-08-03","country":"Ukraine"},"geometry":{"type":"Point","coordinates":[36.38,47.5]}},{"type":"Feature","properties":{"weight":1.95,"date":"2026-08-03","country":"Ukraine"},"geometry":{"type":"Point","coordinates":[32.615,46.637]}},{"type":"Feature","properties":{"weight":1.6,"date":"2026-08-03","country":"Ukraine"},"geometry":{"type":"Point","coordinates":[35.312,48.022]}},{"type":"Feature","properties":{"weight":2.2,"date":"2026-08-03","country":"Ukraine"},"geometry":{"type":"Point","coordinates":[33.261,47.685]}},{"type":"Feature","properties":{"weight":1.6,"date":"2026-08-03","country":"Ukraine"},"geometry":{"type":"Point","coordinates":[36.1,48.2]}},{"type":"Feature","properties":{"weight":2.69,"date":"2026-08-03","country":"Ukraine"},"geometry":{"type":"Point","coordinates":[37.202,47.703]}},{"type":"Feature","properties":{"weight":1.6,"date":"2026-08-03","country":"Ukraine"},"geometry":{"type":"Point","coordinates":[35.368,47.683]}},{"type":"Feature","properties":{"weight":1.95,"date":"2026-08-03","country":"Ukraine"},"geometry":{"type":"Point","coordinates":[37.043,48.238]}},{"type":"Feature","properties":{"weight":1.6,"date":"2026-08-03","country":"Ukraine"},"geometry":{"type":"Point","coordinates":[37.713,48.853]}},{"type":"Feature","properties":{"weight":1.6,"date":"2026-08-03","country":"Ukraine"},"geometry":{"type":"Point","coordinates":[37.528,48.621]}},{"type":"Feature","properties":{"weight":1.95,"date":"2026-08-03","country":"Ukraine"},"geometry":{"type":"Point","coordinates":[32.616,46.641]}},{"type":"Feature","properties":{"weight":1.6,"date":"2026-08-03","country":"Ukraine"},"geometry":{"type":"Point","coordinates":[37.475,49.625]}},{"type":"Feature","properties":{"weight":1.6,"date":"2026-08-04","country":"Ukraine"},"geometry":{"type":"Point","coordinates":[32.616,46.641]}},{"type":"Feature","properties":{"weight":2.2,"date":"2026-08-04","country":"Ukraine"},"geometry":{"type":"Point","coordinates":[37.528,48.621]}},{"type":"Feature","properties":{"weight":1.95,"date":"2026-08-04","country":"Ukraine"},"geometry":{"type":"Point","coordinates":[37.043,48.238]}},{"type":"Feature","properties":{"weight":1.6,"date":"2026-08-04","country":"Ukraine"},"geometry":{"type":"Point","coordinates":[31.988,46.959]}},{"type":"Feature","properties":{"weight":2.2,"date":"2026-08-04","country":"Ukraine"},"geometry":{"type":"Point","coordinates":[34.8,50.922]}},{"type":"Feature","properties":{"weight":2.2,"date":"2026-08-04","country":"Ukraine"},"geometry":{"type":"Point","coordinates":[37.703,49.791]}},{"type":"Feature","properties":{"weight":1.6,"date":"2026-08-04","country":"Ukraine"},"geometry":{"type":"Point","coordinates":[37.571,48.723]}},{"type":"Feature","properties":{"weight":1.6,"date":"2026-08-04","country":"Ukraine"},"geometry":{"type":"Point","coordinates":[37.169,49.678]}},{"type":"Feature","properties":{"weight":1.6,"date":"2026-08-04","country":"Ukraine"},"geometry":{"type":"Point","coordinates":[37.709,49.621]}},{"type":"Feature","properties":{"weight":1.6,"date":"2026-08-04","country":"Ukraine"},"geometry":{"type":"Point","coordinates":[36.38,47.5]}},{"type":"Feature","properties":{"weight":2.69,"date":"2026-08-04","country":"Ukraine"},"geometry":{"type":"Point","coordinates":[37.517,48.767]}},{"type":"Feature","properties":{"weight":1.6,"date":"2026-08-04","country":"Ukraine"},"geometry":{"type":"Point","coordinates":[37.932,48.756]}},{"type":"Feature","properties":{"weight":1.95,"date":"2026-08-05","country":"Ukraine"},"geometry":{"type":"Point","coordinates":[30.824,50.542]}},{"type":"Feature","properties":{"weight":1.6,"date":"2026-08-05","country":"Ukraine"},"geometry":{"type":"Point","coordinates":[30.154,50.124]}},{"type":"Feature","properties":{"weight":1.6,"date":"2026-08-05","country":"Ukraine"},"geometry":{"type":"Point","coordinates":[30.733,46.467]}},{"type":"Feature","properties":{"weight":1.95,"date":"2026-08-05","country":"Ukraine"},"geometry":{"type":"Point","coordinates":[37.109,48.382]}},{"type":"Feature","properties":{"weight":1.95,"date":"2026-08-05","country":"Ukraine"},"geometry":{"type":"Point","coordinates":[30.523,50.45]}},{"type":"Feature","properties":{"weight":2.56,"date":"2026-08-05","country":"Ukraine"},"geometry":{"type":"Point","coordinates":[30.082,50.447]}},{"type":"Feature","properties":{"weight":2.91,"date":"2026-08-05","country":"Ukraine"},"geometry":{"type":"Point","coordinates":[30.853,50.53]}},{"type":"Feature","properties":{"weight":1.6,"date":"2026-08-05","country":"Ukraine"},"geometry":{"type":"Point","coordinates":[37.717,49.1]}},{"type":"Feature","properties":{"weight":2.2,"date":"2026-08-06","country":"Ukraine"},"geometry":{"type":"Point","coordinates":[36.857,49.463]}},{"type":"Feature","properties":{"weight":1.95,"date":"2026-08-06","country":"Ukraine"},"geometry":{"type":"Point","coordinates":[37.043,48.238]}},{"type":"Feature","properties":{"weight":1.6,"date":"2026-08-06","country":"Ukraine"},"geometry":{"type":"Point","coordinates":[37.633,48.766]}},{"type":"Feature","properties":{"weight":1.95,"date":"2026-08-06","country":"Ukraine"},"geometry":{"type":"Point","coordinates":[36.308,48.888]}},{"type":"Feature","properties":{"weight":1.95,"date":"2026-08-06","country":"Ukraine"},"geometry":{"type":"Point","coordinates":[35.877,48.528]}},{"type":"Feature","properties":{"weight":2.2,"date":"2026-08-06","country":"Ukraine"},"geometry":{"type":"Point","coordinates":[33.865,48.468]}},{"type":"Feature","properties":{"weight":1.6,"date":"2026-08-06","country":"Ukraine"},"geometry":{"type":"Point","coordinates":[30.482,46.418]}},{"type":"Feature","properties":{"weight":1.6,"date":"2026-08-06","country":"Ukraine"},"geometry":{"type":"Point","coordinates":[37.74,48.14]}},{"type":"Feature","properties":{"weight":1.6,"date":"2026-08-06","country":"Ukraine"},"geometry":{"type":"Point","coordinates":[35.03,47.734]}},{"type":"Feature","properties":{"weight":1.6,"date":"2026-08-06","country":"Ukraine"},"geometry":{"type":"Point","coordinates":[33.871,51.337]}},{"type":"Feature","properties":{"weight":1.6,"date":"2026-08-07","country":"Ukraine"},"geometry":{"type":"Point","coordinates":[32.615,46.637]}},{"type":"Feature","properties":{"weight":1.6,"date":"2026-08-07","country":"Ukraine"},"geometry":{"type":"Point","coordinates":[34.312,51.145]}},{"type":"Feature","properties":{"weight":1.95,"date":"2026-08-07","country":"Ukraine"},"geometry":{"type":"Point","coordinates":[35.141,47.84]}},{"type":"Feature","properties":{"weight":1.6,"date":"2026-08-07","country":"Ukraine"},"geometry":{"type":"Point","coordinates":[31.208,46.665]}},{"type":"Feature","properties":{"weight":1.95,"date":"2026-08-07","country":"Ukraine"},"geometry":{"type":"Point","coordinates":[37.266,49.21]}},{"type":"Feature","properties":{"weight":2.2,"date":"2026-08-07","country":"Ukraine"},"geometry":{"type":"Point","coordinates":[35.141,47.84]}},{"type":"Feature","properties":{"weight":1.95,"date":"2026-08-07","country":"Ukraine"},"geometry":{"type":"Point","coordinates":[32.616,46.641]}},{"type":"Feature","properties":{"weight":1.95,"date":"2026-08-07","country":"Ukraine"},"geometry":{"type":"Point","coordinates":[34.442,47.769]}},{"type":"Feature","properties":{"weight":1.6,"date":"2026-08-07","country":"Ukraine"},"geometry":{"type":"Point","coordinates":[37.625,48.853]}},{"type":"Feature","properties":{"weight":1.95,"date":"2026-08-07","country":"Ukraine"},"geometry":{"type":"Point","coordinates":[37.043,48.238]}},{"type":"Feature","properties":{"weight":1.6,"date":"2026-08-07","country":"Ukraine"},"geometry":{"type":"Point","coordinates":[37.307,50.238]}},{"type":"Feature","properties":{"weight":1.6,"date":"2026-08-08","country":"Ukraine"},"geometry":{"type":"Point","coordinates":[34.391,47.568]}},{"type":"Feature","properties":{"weight":1.6,"date":"2026-08-08","country":"Ukraine"},"geometry":{"type":"Point","coordinates":[37.678,49.63]}},{"type":"Feature","properties":{"weight":2.2,"date":"2026-08-08","country":"Ukraine"},"geometry":{"type":"Point","coordinates":[30.718,50.61]}},{"type":"Feature","properties":{"weight":1.6,"date":"2026-08-08","country":"Ukraine"},"geometry":{"type":"Point","coordinates":[34.391,47.568]}},{"type":"Feature","properties":{"weight":1.95,"date":"2026-08-08","country":"Ukraine"},"geometry":{"type":"Point","coordinates":[37.109,48.382]}},{"type":"Feature","properties":{"weight":1.95,"date":"2026-08-08","country":"Ukraine"},"geometry":{"type":"Point","coordinates":[37.571,48.723]}},{"type":"Feature","properties":{"weight":1.6,"date":"2026-08-08","country":"Ukraine"},"geometry":{"type":"Point","coordinates":[37.528,48.621]}},{"type":"Feature","properties":{"weight":1.6,"date":"2026-08-08","country":"Ukraine"},"geometry":{"type":"Point","coordinates":[35.48,50.424]}},{"type":"Feature","properties":{"weight":1.6,"date":"2026-08-08","country":"Ukraine"},"geometry":{"type":"Point","coordinates":[34.036,52.189]}},{"type":"Feature","properties":{"weight":1.6,"date":"2026-08-08","country":"Ukraine"},"geometry":{"type":"Point","coordinates":[36.38,47.5]}},{"type":"Feature","properties":{"weight":1.6,"date":"2026-08-08","country":"Ukraine"},"geometry":{"type":"Point","coordinates":[30.523,50.45]}},{"type":"Feature","properties":{"weight":2.2,"date":"2026-08-09","country":"Ukraine"},"geometry":{"type":"Point","coordinates":[35.103,46.576]}},{"type":"Feature","properties":{"weight":1.6,"date":"2026-08-09","country":"Ukraine"},"geometry":{"type":"Point","coordinates":[33.965,47.378]}},{"type":"Feature","properties":{"weight":1.6,"date":"2026-08-09","country":"Ukraine"},"geometry":{"type":"Point","coordinates":[34.442,47.769]}},{"type":"Feature","properties":{"weight":1.95,"date":"2026-08-09","country":"Ukraine"},"geometry":{"type":"Point","coordinates":[37.043,48.238]}},{"type":"Feature","properties":{"weight":1.6,"date":"2026-08-09","country":"Ukraine"},"geometry":{"type":"Point","coordinates":[35.141,47.84]}},{"type":"Feature","properties":{"weight":1.95,"date":"2026-08-09","country":"Ukraine"},"geometry":{"type":"Point","coordinates":[35.163,50.418]}},{"type":"Feature","properties":{"weight":1.6,"date":"2026-08-09","country":"Ukraine"},"geometry":{"type":"Point","coordinates":[34.378,50.948]}},{"type":"Feature","properties":{"weight":2.2,"date":"2026-08-09","country":"Ukraine"},"geometry":{"type":"Point","coordinates":[36.253,49.981]}},{"type":"Feature","properties":{"weight":1.6,"date":"2026-08-10","country":"Ukraine"},"geometry":{"type":"Point","coordinates":[32.616,46.641]}},{"type":"Feature","properties":{"weight":1.6,"date":"2026-08-10","country":"Ukraine"},"geometry":{"type":"Point","coordinates":[37.528,48.621]}},{"type":"Feature","properties":{"weight":2.56,"date":"2026-08-10","country":"Ukraine"},"geometry":{"type":"Point","coordinates":[36.867,50.146]}},{"type":"Feature","properties":{"weight":1.6,"date":"2026-08-10","country":"Ukraine"},"geometry":{"type":"Point","coordinates":[37.633,48.766]}},{"type":"Feature","properties":{"weight":1.6,"date":"2026-08-10","country":"Ukraine"},"geometry":{"type":"Point","coordinates":[32.615,46.637]}},{"type":"Feature","properties":{"weight":1.6,"date":"2026-08-10","country":"Ukraine"},"geometry":{"type":"Point","coordinates":[34.391,47.568]}},{"type":"Feature","properties":{"weight":1.95,"date":"2026-08-10","country":"Ukraine"},"geometry":{"type":"Point","coordinates":[37.043,48.238]}},{"type":"Feature","properties":{"weight":2.81,"date":"2026-08-11","country":"Ukraine"},"geometry":{"type":"Point","coordinates":[35.121,47.841]}},{"type":"Feature","properties":{"weight":1.6,"date":"2026-08-11","country":"Ukraine"},"geometry":{"type":"Point","coordinates":[36.1,48.2]}},{"type":"Feature","properties":{"weight":1.6,"date":"2026-08-11","country":"Ukraine"},"geometry":{"type":"Point","coordinates":[33.392,47.91]}},{"type":"Feature","properties":{"weight":1.6,"date":"2026-08-11","country":"Ukraine"},"geometry":{"type":"Point","coordinates":[36.122,48.502]}},{"type":"Feature","properties":{"weight":1.6,"date":"2026-08-11","country":"Ukraine"},"geometry":{"type":"Point","coordinates":[34.8,50.922]}},{"type":"Feature","properties":{"weight":1.95,"date":"2026-08-11","country":"Ukraine"},"geometry":{"type":"Point","coordinates":[30.748,46.458]}},{"type":"Feature","properties":{"weight":1.6,"date":"2026-08-11","country":"Ukraine"},"geometry":{"type":"Point","coordinates":[37.528,48.621]}},{"type":"Feature","properties":{"weight":1.95,"date":"2026-08-11","country":"Ukraine"},"geometry":{"type":"Point","coordinates":[37.043,48.238]}},{"type":"Feature","properties":{"weight":2.81,"date":"2026-08-11","country":"Ukraine"},"geometry":{"type":"Point","coordinates":[36.813,47.899]}},{"type":"Feature","properties":{"weight":1.6,"date":"2026-08-11","country":"Ukraine"},"geometry":{"type":"Point","coordinates":[37.74,48.14]}},{"type":"Feature","properties":{"weight":2.2,"date":"2026-08-12","country":"Ukraine"},"geometry":{"type":"Point","coordinates":[37.773,49.843]}},{"type":"Feature","properties":{"weight":2.2,"date":"2026-08-12","country":"Ukraine"},"geometry":{"type":"Point","coordinates":[37.703,49.791]}},{"type":"Feature","properties":{"weight":1.6,"date":"2026-08-12","country":"Ukraine"},"geometry":{"type":"Point","coordinates":[36.753,47.976]}},{"type":"Feature","properties":{"weight":1.95,"date":"2026-08-12","country":"Ukraine"},"geometry":{"type":"Point","coordinates":[32.615,46.637]}},{"type":"Feature","properties":{"weight":1.6,"date":"2026-08-12","country":"Ukraine"},"geometry":{"type":"Point","coordinates":[32.615,46.637]}},{"type":"Feature","properties":{"weight":1.6,"date":"2026-08-12","country":"Ukraine"},"geometry":{"type":"Point","coordinates":[35.03,47.734]}},{"type":"Feature","properties":{"weight":1.95,"date":"2026-08-12","country":"Ukraine"},"geometry":{"type":"Point","coordinates":[32.615,46.637]}},{"type":"Feature","properties":{"weight":1.95,"date":"2026-08-12","country":"Ukraine"},"geometry":{"type":"Point","coordinates":[37.043,48.238]}},{"type":"Feature","properties":{"weight":1.95,"date":"2026-08-12","country":"Ukraine"},"geometry":{"type":"Point","coordinates":[37.571,48.723]}},{"type":"Feature","properties":{"weight":1.6,"date":"2026-08-12","country":"Ukraine"},"geometry":{"type":"Point","coordinates":[36.373,50.08]}},{"type":"Feature","properties":{"weight":2.2,"date":"2026-08-13","country":"Ukraine"},"geometry":{"type":"Point","coordinates":[33.539,44.555]}},{"type":"Feature","properties":{"weight":1.95,"date":"2026-08-13","country":"Ukraine"},"geometry":{"type":"Point","coordinates":[37.571,48.723]}},{"type":"Feature","properties":{"weight":1.95,"date":"2026-08-13","country":"Ukraine"},"geometry":{"type":"Point","coordinates":[37.043,48.238]}},{"type":"Feature","properties":{"weight":1.95,"date":"2026-08-13","country":"Ukraine"},"geometry":{"type":"Point","coordinates":[34.036,52.189]}},{"type":"Feature","properties":{"weight":1.95,"date":"2026-08-13","country":"Ukraine"},"geometry":{"type":"Point","coordinates":[30.748,46.458]}},{"type":"Feature","properties":{"weight":1.6,"date":"2026-08-13","country":"Ukraine"},"geometry":{"type":"Point","coordinates":[38.5,48.933]}},{"type":"Feature","properties":{"weight":1.6,"date":"2026-08-13","country":"Ukraine"},"geometry":{"type":"Point","coordinates":[38.672,48.511]}},{"type":"Feature","properties":{"weight":3.08,"date":"2026-08-13","country":"Ukraine"},"geometry":{"type":"Point","coordinates":[36.081,47.753]}},{"type":"Feature","properties":{"weight":2.4,"date":"2026-08-13","country":"Ukraine"},"geometry":{"type":"Point","coordinates":[38.964,48.496]}},{"type":"Feature","properties":{"weight":1.6,"date":"2026-08-13","country":"Ukraine"},"geometry":{"type":"Point","coordinates":[31.159,50.364]}},{"type":"Feature","properties":{"weight":1.6,"date":"2026-08-14","country":"Ukraine"},"geometry":{"type":"Point","coordinates":[36.329,46.906]}},{"type":"Feature","properties":{"weight":1.95,"date":"2026-08-14","country":"Ukraine"},"geometry":{"type":"Point","coordinates":[33.835,51.199]}},{"type":"Feature","properties":{"weight":1.95,"date":"2026-08-14","country":"Ukraine"},"geometry":{"type":"Point","coordinates":[35.0,48.5]}},{"type":"Feature","properties":{"weight":1.95,"date":"2026-08-14","country":"Ukraine"},"geometry":{"type":"Point","coordinates":[37.226,48.421]}},{"type":"Feature","properties":{"weight":1.6,"date":"2026-08-14","country":"Ukraine"},"geometry":{"type":"Point","coordinates":[34.611,47.649]}},{"type":"Feature","properties":{"weight":2.4,"date":"2026-08-14","country":"Ukraine"},"geometry":{"type":"Point","coordinates":[39.282,48.348]}},{"type":"Feature","properties":{"weight":1.95,"date":"2026-08-15","country":"Ukraine"},"geometry":{"type":"Point","coordinates":[37.043,48.238]}},{"type":"Feature","properties":{"weight":1.6,"date":"2026-08-15","country":"Ukraine"},"geometry":{"type":"Point","coordinates":[37.726,48.899]}},{"type":"Feature","properties":{"weight":1.6,"date":"2026-08-15","country":"Ukraine"},"geometry":{"type":"Point","coordinates":[32.616,46.641]}},{"type":"Feature","properties":{"weight":1.6,"date":"2026-08-15","country":"Ukraine"},"geometry":{"type":"Point","coordinates":[35.141,47.84]}},{"type":"Feature","properties":{"weight":1.6,"date":"2026-08-15","country":"Ukraine"},"geometry":{"type":"Point","coordinates":[34.8,50.922]}},{"type":"Feature","properties":{"weight":1.6,"date":"2026-08-15","country":"Ukraine"},"geometry":{"type":"Point","coordinates":[35.48,50.424]}},{"type":"Feature","properties":{"weight":1.95,"date":"2026-08-16","country":"Ukraine"},"geometry":{"type":"Point","coordinates":[35.85,47.905]}},{"type":"Feature","properties":{"weight":1.6,"date":"2026-08-16","country":"Ukraine"},"geometry":{"type":"Point","coordinates":[37.571,48.723]}},{"type":"Feature","properties":{"weight":1.6,"date":"2026-08-16","country":"Ukraine"},"geometry":{"type":"Point","coordinates":[37.571,48.723]}},{"type":"Feature","properties":{"weight":1.95,"date":"2026-08-16","country":"Ukraine"},"geometry":{"type":"Point","coordinates":[37.043,48.238]}},{"type":"Feature","properties":{"weight":1.95,"date":"2026-08-16","country":"Ukraine"},"geometry":{"type":"Point","coordinates":[34.491,50.8]}},{"type":"Feature","properties":{"weight":1.6,"date":"2026-08-16","country":"Ukraine"},"geometry":{"type":"Point","coordinates":[33.392,47.91]}},{"type":"Feature","properties":{"weight":2.2,"date":"2026-08-16","country":"Ukraine"},"geometry":{"type":"Point","coordinates":[37.441,48.139]}},{"type":"Feature","properties":{"weight":1.95,"date":"2026-08-16","country":"Ukraine"},"geometry":{"type":"Point","coordinates":[37.041,48.137]}},{"type":"Feature","properties":{"weight":1.6,"date":"2026-08-16","country":"Ukraine"},"geometry":{"type":"Point","coordinates":[33.565,47.334]}},{"type":"Feature","properties":{"weight":1.6,"date":"2026-08-16","country":"Ukraine"},"geometry":{"type":"Point","coordinates":[37.517,48.767]}},{"type":"Feature","properties":{"weight":1.6,"date":"2026-08-16","country":"Ukraine"},"geometry":{"type":"Point","coordinates":[37.74,48.14]}},{"type":"Feature","properties":{"weight":2.56,"date":"2026-08-16","country":"Ukraine"},"geometry":{"type":"Point","coordinates":[37.199,48.222]}},{"type":"Feature","properties":{"weight":1.6,"date":"2026-08-17","country":"Ukraine"},"geometry":{"type":"Point","coordinates":[36.122,48.502]}},{"type":"Feature","properties":{"weight":1.95,"date":"2026-08-17","country":"Ukraine"},"geometry":{"type":"Point","coordinates":[33.601,47.014]}},{"type":"Feature","properties":{"weight":1.6,"date":"2026-08-17","country":"Ukraine"},"geometry":{"type":"Point","coordinates":[35.0,48.5]}},{"type":"Feature","properties":{"weight":1.6,"date":"2026-08-17","country":"Ukraine"},"geometry":{"type":"Point","coordinates":[36.1,48.2]}},{"type":"Feature","properties":{"weight":1.95,"date":"2026-08-17","country":"Ukraine"},"geometry":{"type":"Point","coordinates":[35.121,47.841]}},{"type":"Feature","properties":{"weight":1.95,"date":"2026-08-17","country":"Ukraine"},"geometry":{"type":"Point","coordinates":[37.043,48.238]}},{"type":"Feature","properties":{"weight":1.6,"date":"2026-08-17","country":"Ukraine"},"geometry":{"type":"Point","coordinates":[34.951,50.868]}},{"type":"Feature","properties":{"weight":1.6,"date":"2026-08-17","country":"Ukraine"},"geometry":{"type":"Point","coordinates":[37.528,48.621]}},{"type":"Feature","properties":{"weight":1.6,"date":"2026-08-18","country":"Ukraine"},"geometry":{"type":"Point","coordinates":[35.53,47.712]}},{"type":"Feature","properties":{"weight":1.95,"date":"2026-08-18","country":"Ukraine"},"geometry":{"type":"Point","coordinates":[37.043,48.238]}},{"type":"Feature","properties":{"weight":1.6,"date":"2026-08-18","country":"Ukraine"},"geometry":{"type":"Point","coordinates":[35.121,47.841]}},{"type":"Feature","properties":{"weight":1.6,"date":"2026-08-18","country":"Ukraine"},"geometry":{"type":"Point","coordinates":[37.528,48.621]}},{"type":"Feature","properties":{"weight":3.08,"date":"2026-08-18","country":"Ukraine"},"geometry":{"type":"Point","coordinates":[36.934,49.871]}},{"type":"Feature","properties":{"weight":1.6,"date":"2026-08-18","country":"Ukraine"},"geometry":{"type":"Point","coordinates":[38.265,48.449]}},{"type":"Feature","properties":{"weight":2.69,"date":"2026-08-18","country":"Ukraine"},"geometry":{"type":"Point","coordinates":[34.618,47.371]}},{"type":"Feature","properties":{"weight":2.4,"date":"2026-08-19","country":"Ukraine"},"geometry":{"type":"Point","coordinates":[32.615,46.637]}},{"type":"Feature","properties":{"weight":1.6,"date":"2026-08-19","country":"Ukraine"},"geometry":{"type":"Point","coordinates":[32.615,46.637]}},{"type":"Feature","properties":{"weight":1.95,"date":"2026-08-19","country":"Ukraine"},"geometry":{"type":"Point","coordinates":[37.043,48.238]}},{"type":"Feature","properties":{"weight":1.6,"date":"2026-08-19","country":"Ukraine"},"geometry":{"type":"Point","coordinates":[35.121,47.841]}},{"type":"Feature","properties":{"weight":1.6,"date":"2026-08-19","country":"Ukraine"},"geometry":{"type":"Point","coordinates":[32.615,46.637]}},{"type":"Feature","properties":{"weight":2.2,"date":"2026-08-19","country":"Ukraine"},"geometry":{"type":"Point","coordinates":[28.677,50.265]}},{"type":"Feature","properties":{"weight":1.6,"date":"2026-08-19","country":"Ukraine"},"geometry":{"type":"Point","coordinates":[37.625,48.853]}},{"type":"Feature","properties":{"weight":2.2,"date":"2026-08-19","country":"Ukraine"},"geometry":{"type":"Point","coordinates":[37.703,49.791]}},{"type":"Feature","properties":{"weight":2.4,"date":"2026-08-19","country":"Ukraine"},"geometry":{"type":"Point","coordinates":[38.76,49.0]}},{"type":"Feature","properties":{"weight":2.2,"date":"2026-08-19","country":"Ukraine"},"geometry":{"type":"Point","coordinates":[37.199,48.222]}},{"type":"Feature","properties":{"weight":1.6,"date":"2026-08-20","country":"Ukraine"},"geometry":{"type":"Point","coordinates":[33.565,47.334]}},{"type":"Feature","properties":{"weight":1.6,"date":"2026-08-20","country":"Ukraine"},"geometry":{"type":"Point","coordinates":[31.0,50.583]}},{"type":"Feature","properties":{"weight":3.41,"date":"2026-08-20","country":"Ukraine"},"geometry":{"type":"Point","coordinates":[30.523,50.45]}},{"type":"Feature","properties":{"weight":1.6,"date":"2026-08-20","country":"Ukraine"},"geometry":{"type":"Point","coordinates":[30.523,50.45]}},{"type":"Feature","properties":{"weight":1.95,"date":"2026-08-20","country":"Ukraine"},"geometry":{"type":"Point","coordinates":[37.043,48.238]}},{"type":"Feature","properties":{"weight":1.6,"date":"2026-08-20","country":"Ukraine"},"geometry":{"type":"Point","coordinates":[32.616,46.641]}},{"type":"Feature","properties":{"weight":1.95,"date":"2026-08-20","country":"Ukraine"},"geometry":{"type":"Point","coordinates":[37.571,48.723]}},{"type":"Feature","properties":{"weight":1.6,"date":"2026-08-20","country":"Ukraine"},"geometry":{"type":"Point","coordinates":[37.528,48.621]}},{"type":"Feature","properties":{"weight":1.95,"date":"2026-08-21","country":"Ukraine"},"geometry":{"type":"Point","coordinates":[32.616,46.641]}},{"type":"Feature","properties":{"weight":1.6,"date":"2026-08-21","country":"Ukraine"},"geometry":{"type":"Point","coordinates":[32.615,46.637]}},{"type":"Feature","properties":{"weight":2.2,"date":"2026-08-21","country":"Ukraine"},"geometry":{"type":"Point","coordinates":[35.141,47.84]}},{"type":"Feature","properties":{"weight":1.6,"date":"2026-08-21","country":"Ukraine"},"geometry":{"type":"Point","coordinates":[30.523,50.45]}},{"type":"Feature","properties":{"weight":1.6,"date":"2026-08-21","country":"Ukraine"},"geometry":{"type":"Point","coordinates":[37.502,48.836]}},{"type":"Feature","properties":{"weight":1.6,"date":"2026-08-21","country":"Ukraine"},"geometry":{"type":"Point","coordinates":[35.163,50.418]}},{"type":"Feature","properties":{"weight":3.46,"date":"2026-08-21","country":"Ukraine"},"geometry":{"type":"Point","coordinates":[33.392,47.91]}},{"type":"Feature","properties":{"weight":1.95,"date":"2026-08-21","country":"Ukraine"},"geometry":{"type":"Point","coordinates":[36.905,49.801]}},{"type":"Feature","properties":{"weight":2.4,"date":"2026-08-21","country":"Ukraine"},"geometry":{"type":"Point","coordinates":[31.02,47.303]}},{"type":"Feature","properties":{"weight":1.95,"date":"2026-08-21","country":"Ukraine"},"geometry":{"type":"Point","coordinates":[37.043,48.238]}},{"type":"Feature","properties":{"weight":2.4,"date":"2026-08-21","country":"Ukraine"},"geometry":{"type":"Point","coordinates":[35.141,47.84]}},{"type":"Feature","properties":{"weight":2.81,"date":"2026-08-22","country":"Ukraine"},"geometry":{"type":"Point","coordinates":[36.38,47.5]}},{"type":"Feature","properties":{"weight":1.6,"date":"2026-08-22","country":"Ukraine"},"geometry":{"type":"Point","coordinates":[37.199,48.222]}},{"type":"Feature","properties":{"weight":2.2,"date":"2026-08-22","country":"Ukraine"},"geometry":{"type":"Point","coordinates":[35.03,47.734]}},{"type":"Feature","properties":{"weight":1.95,"date":"2026-08-22","country":"Ukraine"},"geometry":{"type":"Point","coordinates":[31.025,50.334]}},{"type":"Feature","properties":{"weight":1.6,"date":"2026-08-22","country":"Ukraine"},"geometry":{"type":"Point","coordinates":[37.571,48.723]}},{"type":"Feature","properties":{"weight":1.95,"date":"2026-08-22","country":"Ukraine"},"geometry":{"type":"Point","coordinates":[34.036,52.189]}},{"type":"Feature","properties":{"weight":1.6,"date":"2026-08-22","country":"Ukraine"},"geometry":{"type":"Point","coordinates":[37.571,48.723]}},{"type":"Feature","properties":{"weight":1.95,"date":"2026-08-22","country":"Ukraine"},"geometry":{"type":"Point","coordinates":[37.043,48.238]}},{"type":"Feature","properties":{"weight":1.95,"date":"2026-08-23","country":"Ukraine"},"geometry":{"type":"Point","coordinates":[37.043,48.238]}},{"type":"Feature","properties":{"weight":1.95,"date":"2026-08-23","country":"Ukraine"},"geometry":{"type":"Point","coordinates":[37.571,48.723]}},{"type":"Feature","properties":{"weight":2.2,"date":"2026-08-23","country":"Ukraine"},"geometry":{"type":"Point","coordinates":[36.166,50.064]}},{"type":"Feature","properties":{"weight":1.95,"date":"2026-08-23","country":"Ukraine"},"geometry":{"type":"Point","coordinates":[36.308,48.888]}},{"type":"Feature","properties":{"weight":1.6,"date":"2026-08-23","country":"Ukraine"},"geometry":{"type":"Point","coordinates":[35.26,50.775]}},{"type":"Feature","properties":{"weight":1.6,"date":"2026-08-23","country":"Ukraine"},"geometry":{"type":"Point","coordinates":[35.555,46.781]}},{"type":"Feature","properties":{"weight":2.2,"date":"2026-08-23","country":"Ukraine"},"geometry":{"type":"Point","coordinates":[37.199,48.222]}},{"type":"Feature","properties":{"weight":1.6,"date":"2026-08-23","country":"Ukraine"},"geometry":{"type":"Point","coordinates":[35.366,46.853]}},{"type":"Feature","properties":{"weight":1.6,"date":"2026-08-23","country":"Ukraine"},"geometry":{"type":"Point","coordinates":[38.15,49.41]}},{"type":"Feature","properties":{"weight":1.6,"date":"2026-08-23","country":"Ukraine"},"geometry":{"type":"Point","coordinates":[39.59,49.208]}},{"type":"Feature","properties":{"weight":2.81,"date":"2026-08-24","country":"Ukraine"},"geometry":{"type":"Point","coordinates":[36.836,47.84]}},{"type":"Feature","properties":{"weight":2.2,"date":"2026-08-24","country":"Ukraine"},"geometry":{"type":"Point","coordinates":[38.175,49.121]}},{"type":"Feature","properties":{"weight":1.6,"date":"2026-08-24","country":"Ukraine"},"geometry":{"type":"Point","coordinates":[35.877,48.528]}},{"type":"Feature","properties":{"weight":1.6,"date":"2026-08-24","country":"Ukraine"},"geometry":{"type":"Point","coordinates":[32.197,46.583]}},{"type":"Feature","properties":{"weight":1.6,"date":"2026-08-24","country":"Ukraine"},"geometry":{"type":"Point","coordinates":[36.253,49.981]}},{"type":"Feature","properties":{"weight":1.6,"date":"2026-08-24","country":"Ukraine"},"geometry":{"type":"Point","coordinates":[37.266,49.21]}},{"type":"Feature","properties":{"weight":1.6,"date":"2026-08-24","country":"Ukraine"},"geometry":{"type":"Point","coordinates":[32.616,46.641]}},{"type":"Feature","properties":{"weight":1.95,"date":"2026-08-24","country":"Ukraine"},"geometry":{"type":"Point","coordinates":[37.043,48.238]}},{"type":"Feature","properties":{"weight":1.95,"date":"2026-08-25","country":"Ukraine"},"geometry":{"type":"Point","coordinates":[37.043,48.238]}},{"type":"Feature","properties":{"weight":1.6,"date":"2026-08-25","country":"Ukraine"},"geometry":{"type":"Point","coordinates":[37.625,48.853]}},{"type":"Feature","properties":{"weight":1.6,"date":"2026-08-25","country":"Ukraine"},"geometry":{"type":"Point","coordinates":[35.307,48.602]}},{"type":"Feature","properties":{"weight":1.95,"date":"2026-08-25","country":"Ukraine"},"geometry":{"type":"Point","coordinates":[35.141,47.84]}},{"type":"Feature","properties":{"weight":1.6,"date":"2026-08-25","country":"Ukraine"},"geometry":{"type":"Point","coordinates":[32.615,46.637]}},{"type":"Feature","properties":{"weight":1.6,"date":"2026-08-25","country":"Ukraine"},"geometry":{"type":"Point","coordinates":[38.199,49.655]}},{"type":"Feature","properties":{"weight":1.6,"date":"2026-08-25","country":"Ukraine"},"geometry":{"type":"Point","coordinates":[38.732,49.532]}},{"type":"Feature","properties":{"weight":2.69,"date":"2026-08-26","country":"Ukraine"},"geometry":{"type":"Point","coordinates":[38.135,48.955]}},{"type":"Feature","properties":{"weight":1.6,"date":"2026-08-26","country":"Ukraine"},"geometry":{"type":"Point","coordinates":[38.001,47.101]}},{"type":"Feature","properties":{"weight":1.95,"date":"2026-08-26","country":"Ukraine"},"geometry":{"type":"Point","coordinates":[35.0,48.5]}},{"type":"Feature","properties":{"weight":1.95,"date":"2026-08-26","country":"Ukraine"},"geometry":{"type":"Point","coordinates":[34.442,47.769]}},{"type":"Feature","properties":{"weight":1.6,"date":"2026-08-26","country":"Ukraine"},"geometry":{"type":"Point","coordinates":[33.48,50.741]}},{"type":"Feature","properties":{"weight":1.6,"date":"2026-08-26","country":"Ukraine"},"geometry":{"type":"Point","coordinates":[37.571,48.723]}},{"type":"Feature","properties":{"weight":1.6,"date":"2026-08-26","country":"Ukraine"},"geometry":{"type":"Point","coordinates":[35.349,47.694]}},{"type":"Feature","properties":{"weight":1.95,"date":"2026-08-26","country":"Ukraine"},"geometry":{"type":"Point","coordinates":[31.285,51.495]}},{"type":"Feature","properties":{"weight":1.6,"date":"2026-08-26","country":"Ukraine"},"geometry":{"type":"Point","coordinates":[37.805,48.0]}},{"type":"Feature","properties":{"weight":1.95,"date":"2026-08-26","country":"Ukraine"},"geometry":{"type":"Point","coordinates":[37.043,48.238]}},{"type":"Feature","properties":{"weight":1.95,"date":"2026-08-27","country":"Ukraine"},"geometry":{"type":"Point","coordinates":[37.043,48.238]}},{"type":"Feature","properties":{"weight":1.6,"date":"2026-08-27","country":"Ukraine"},"geometry":{"type":"Point","coordinates":[34.8,50.922]}},{"type":"Feature","properties":{"weight":1.95,"date":"2026-08-27","country":"Ukraine"},"geometry":{"type":"Point","coordinates":[36.028,48.205]}},{"type":"Feature","properties":{"weight":1.6,"date":"2026-08-27","country":"Ukraine"},"geometry":{"type":"Point","coordinates":[34.036,52.189]}},{"type":"Feature","properties":{"weight":1.6,"date":"2026-08-27","country":"Ukraine"},"geometry":{"type":"Point","coordinates":[35.141,47.84]}},{"type":"Feature","properties":{"weight":1.6,"date":"2026-08-27","country":"Ukraine"},"geometry":{"type":"Point","coordinates":[37.51,48.662]}},{"type":"Feature","properties":{"weight":1.6,"date":"2026-08-27","country":"Ukraine"},"geometry":{"type":"Point","coordinates":[32.616,46.641]}},{"type":"Feature","properties":{"weight":1.6,"date":"2026-08-27","country":"Ukraine"},"geometry":{"type":"Point","coordinates":[36.253,49.981]}},{"type":"Feature","properties":{"weight":1.6,"date":"2026-08-27","country":"Ukraine"},"geometry":{"type":"Point","coordinates":[36.358,49.69]}},{"type":"Feature","properties":{"weight":1.6,"date":"2026-08-27","country":"Ukraine"},"geometry":{"type":"Point","coordinates":[36.253,49.981]}},{"type":"Feature","properties":{"weight":1.6,"date":"2026-08-27","country":"Ukraine"},"geometry":{"type":"Point","coordinates":[32.615,46.637]}},{"type":"Feature","properties":{"weight":2.2,"date":"2026-08-27","country":"Ukraine"},"geometry":{"type":"Point","coordinates":[36.38,47.5]}},{"type":"Feature","properties":{"weight":1.95,"date":"2026-08-27","country":"Ukraine"},"geometry":{"type":"Point","coordinates":[37.517,48.767]}},{"type":"Feature","properties":{"weight":2.4,"date":"2026-08-28","country":"Ukraine"},"geometry":{"type":"Point","coordinates":[37.199,48.222]}},{"type":"Feature","properties":{"weight":4.18,"date":"2026-08-28","country":"Ukraine"},"geometry":{"type":"Point","coordinates":[30.169,50.442]}},{"type":"Feature","properties":{"weight":1.6,"date":"2026-08-28","country":"Ukraine"},"geometry":{"type":"Point","coordinates":[35.03,47.734]}},{"type":"Feature","properties":{"weight":1.6,"date":"2026-08-28","country":"Ukraine"},"geometry":{"type":"Point","coordinates":[28.93,45.483]}},{"type":"Feature","properties":{"weight":1.6,"date":"2026-08-28","country":"Ukraine"},"geometry":{"type":"Point","coordinates":[35.877,48.528]}},{"type":"Feature","properties":{"weight":1.6,"date":"2026-08-28","country":"Ukraine"},"geometry":{"type":"Point","coordinates":[36.253,49.981]}},{"type":"Feature","properties":{"weight":1.95,"date":"2026-08-28","country":"Ukraine"},"geometry":{"type":"Point","coordinates":[37.043,48.238]}},{"type":"Feature","properties":{"weight":1.6,"date":"2026-08-28","country":"Ukraine"},"geometry":{"type":"Point","coordinates":[30.091,50.199]}},{"type":"Feature","properties":{"weight":1.6,"date":"2026-08-28","country":"Ukraine"},"geometry":{"type":"Point","coordinates":[37.625,48.853]}},{"type":"Feature","properties":{"weight":1.6,"date":"2026-08-28","country":"Ukraine"},"geometry":{"type":"Point","coordinates":[36.253,49.981]}},{"type":"Feature","properties":{"weight":1.6,"date":"2026-08-29","country":"Ukraine"},"geometry":{"type":"Point","coordinates":[32.615,46.637]}},{"type":"Feature","properties":{"weight":1.6,"date":"2026-08-29","country":"Ukraine"},"geometry":{"type":"Point","coordinates":[30.875,50.394]}},{"type":"Feature","properties":{"weight":1.6,"date":"2026-08-29","country":"Ukraine"},"geometry":{"type":"Point","coordinates":[35.03,47.734]}},{"type":"Feature","properties":{"weight":1.6,"date":"2026-08-29","country":"Ukraine"},"geometry":{"type":"Point","coordinates":[30.523,50.45]}},{"type":"Feature","properties":{"weight":1.6,"date":"2026-08-29","country":"Ukraine"},"geometry":{"type":"Point","coordinates":[32.616,46.641]}},{"type":"Feature","properties":{"weight":1.6,"date":"2026-08-29","country":"Ukraine"},"geometry":{"type":"Point","coordinates":[32.615,46.637]}},{"type":"Feature","properties":{"weight":1.95,"date":"2026-08-29","country":"Ukraine"},"geometry":{"type":"Point","coordinates":[37.043,48.238]}},{"type":"Feature","properties":{"weight":1.6,"date":"2026-08-29","country":"Ukraine"},"geometry":{"type":"Point","coordinates":[35.5,49.333]}},{"type":"Feature","properties":{"weight":1.95,"date":"2026-08-29","country":"Ukraine"},"geometry":{"type":"Point","coordinates":[36.464,45.358]}},{"type":"Feature","properties":{"weight":2.2,"date":"2026-08-29","country":"Ukraine"},"geometry":{"type":"Point","coordinates":[37.74,48.14]}},{"type":"Feature","properties":{"weight":1.6,"date":"2026-08-30","country":"Ukraine"},"geometry":{"type":"Point","coordinates":[34.491,50.8]}},{"type":"Feature","properties":{"weight":1.95,"date":"2026-08-30","country":"Ukraine"},"geometry":{"type":"Point","coordinates":[37.043,48.238]}},{"type":"Feature","properties":{"weight":2.69,"date":"2026-08-30","country":"Ukraine"},"geometry":{"type":"Point","coordinates":[38.211,49.479]}},{"type":"Feature","properties":{"weight":1.95,"date":"2026-08-30","country":"Ukraine"},"geometry":{"type":"Point","coordinates":[37.517,48.767]}},{"type":"Feature","properties":{"weight":1.95,"date":"2026-08-30","country":"Ukraine"},"geometry":{"type":"Point","coordinates":[35.03,47.734]}},{"type":"Feature","properties":{"weight":1.6,"date":"2026-08-30","country":"Ukraine"},"geometry":{"type":"Point","coordinates":[37.612,48.467]}},{"type":"Feature","properties":{"weight":1.6,"date":"2026-08-30","country":"Ukraine"},"geometry":{"type":"Point","coordinates":[37.227,48.68]}},{"type":"Feature","properties":{"weight":1.6,"date":"2026-08-30","country":"Ukraine"},"geometry":{"type":"Point","coordinates":[37.571,48.723]}},{"type":"Feature","properties":{"weight":1.0,"date":"2026-08-31","country":"Ukraine"},"geometry":{"type":"Point","coordinates":[32.615,46.637]}},{"type":"Feature","properties":{"weight":1.95,"date":"2026-08-31","country":"Ukraine"},"geometry":{"type":"Point","coordinates":[35.205,47.718]}},{"type":"Feature","properties":{"weight":1.0,"date":"2026-08-31","country":"Ukraine"},"geometry":{"type":"Point","coordinates":[32.616,46.641]}},{"type":"Feature","properties":{"weight":1.6,"date":"2026-08-31","country":"Ukraine"},"geometry":{"type":"Point","coordinates":[32.615,46.637]}},{"type":"Feature","properties":{"weight":1.95,"date":"2026-08-31","country":"Ukraine"},"geometry":{"type":"Point","coordinates":[32.615,46.637]}},{"type":"Feature","properties":{"weight":1.6,"date":"2026-08-31","country":"Ukraine"},"geometry":{"type":"Point","coordinates":[33.467,46.981]}},{"type":"Feature","properties":{"weight":2.2,"date":"2026-08-31","country":"Ukraine"},"geometry":{"type":"Point","coordinates":[38.37,48.268]}},{"type":"Feature","properties":{"weight":1.95,"date":"2026-08-31","country":"Ukraine"},"geometry":{"type":"Point","coordinates":[38.371,49.01]}},{"type":"Feature","properties":{"weight":3.35,"date":"2026-08-31","country":"Ukraine"},"geometry":{"type":"Point","coordinates":[34.623,47.499]}},{"type":"Feature","properties":{"weight":2.91,"date":"2026-08-31","country":"Ukraine"},"geometry":{"type":"Point","coordinates":[30.523,50.45]}},{"type":"Feature","properties":{"weight":1.6,"date":"2026-08-31","country":"Ukraine"},"geometry":{"type":"Point","coordinates":[32.0,49.0]}},{"type":"Feature","properties":{"weight":2.4,"date":"2026-08-31","country":"Ukraine"},"geometry":{"type":"Point","coordinates":[30.955,50.353]}},{"type":"Feature","properties":{"weight":1.95,"date":"2026-08-31","country":"Ukraine"},"geometry":{"type":"Point","coordinates":[37.043,48.238]}},{"type":"Feature","properties":{"weight":1.95,"date":"2026-08-23","country":"United States of America"},"geometry":{"type":"Point","coordinates":[-100.0,10.0]}},{"type":"Feature","properties":{"weight":1.95,"date":"2026-08-01","country":"Venezuela"},"geometry":{"type":"Point","coordinates":[-62.641,8.351]}},{"type":"Feature","properties":{"weight":1.6,"date":"2026-08-11","country":"Venezuela"},"geometry":{"type":"Point","coordinates":[-66.879,10.488]}},{"type":"Feature","properties":{"weight":1.6,"date":"2026-08-02","country":"Venezuela"},"geometry":{"type":"Point","coordinates":[-63.5,6.333]}},{"type":"Feature","properties":{"weight":1.6,"date":"2026-08-03","country":"Venezuela"},"geometry":{"type":"Point","coordinates":[-69.323,10.074]}},{"type":"Feature","properties":{"weight":1.6,"date":"2026-08-05","country":"Venezuela"},"geometry":{"type":"Point","coordinates":[-72.167,10.667]}},{"type":"Feature","properties":{"weight":1.6,"date":"2026-08-10","country":"Venezuela"},"geometry":{"type":"Point","coordinates":[-71.677,10.549]}},{"type":"Feature","properties":{"weight":1.6,"date":"2026-08-31","country":"Venezuela"},"geometry":{"type":"Point","coordinates":[-69.566,11.461]}},{"type":"Feature","properties":{"weight":1.6,"date":"2026-08-06","country":"Yemen (North Yemen)"},"geometry":{"type":"Point","coordinates":[45.748,14.753]}},{"type":"Feature","properties":{"weight":1.6,"date":"2026-08-06","country":"Yemen (North Yemen)"},"geometry":{"type":"Point","coordinates":[44.639,16.28]}},{"type":"Feature","properties":{"weight":1.6,"date":"2026-08-19","country":"Yemen (North Yemen)"},"geometry":{"type":"Point","coordinates":[46.051,13.712]}},{"type":"Feature","properties":{"weight":2.4,"date":"2026-08-11","country":"Yemen (North Yemen)"},"geometry":{"type":"Point","coordinates":[43.421,12.661]}},{"type":"Feature","properties":{"weight":4.48,"date":"2026-07-30","country":"Yemen (North Yemen)"},"geometry":{"type":"Point","coordinates":[47.5,15.5]}},{"type":"Feature","properties":{"weight":1.95,"date":"2026-08-01","country":"Yemen (North Yemen)"},"geometry":{"type":"Point","coordinates":[43.279,17.176]}},{"type":"Feature","properties":{"weight":1.95,"date":"2026-08-01","country":"Yemen (North Yemen)"},"geometry":{"type":"Point","coordinates":[44.08,13.496]}},{"type":"Feature","properties":{"weight":1.95,"date":"2026-08-01","country":"Yemen (North Yemen)"},"geometry":{"type":"Point","coordinates":[43.869,13.538]}},{"type":"Feature","properties":{"weight":2.2,"date":"2026-08-01","country":"Yemen (North Yemen)"},"geometry":{"type":"Point","coordinates":[47.229,15.938]}},{"type":"Feature","properties":{"weight":1.95,"date":"2026-08-01","country":"Yemen (North Yemen)"},"geometry":{"type":"Point","coordinates":[43.428,13.52]}},{"type":"Feature","properties":{"weight":1.95,"date":"2026-08-01","country":"Yemen (North Yemen)"},"geometry":{"type":"Point","coordinates":[44.768,13.923]}},{"type":"Feature","properties":{"weight":1.95,"date":"2026-08-02","country":"Yemen (North Yemen)"},"geometry":{"type":"Point","coordinates":[44.746,13.903]}},{"type":"Feature","properties":{"weight":2.56,"date":"2026-08-02","country":"Yemen (North Yemen)"},"geometry":{"type":"Point","coordinates":[43.947,13.589]}},{"type":"Feature","properties":{"weight":1.6,"date":"2026-08-03","country":"Yemen (North Yemen)"},"geometry":{"type":"Point","coordinates":[43.881,13.465]}},{"type":"Feature","properties":{"weight":2.4,"date":"2026-08-03","country":"Yemen (North Yemen)"},"geometry":{"type":"Point","coordinates":[44.245,13.245]}},{"type":"Feature","properties":{"weight":3.95,"date":"2026-08-03","country":"Yemen (North Yemen)"},"geometry":{"type":"Point","coordinates":[47.5,15.5]}},{"type":"Feature","properties":{"weight":2.4,"date":"2026-08-03","country":"Yemen (North Yemen)"},"geometry":{"type":"Point","coordinates":[43.064,14.729]}},{"type":"Feature","properties":{"weight":1.6,"date":"2026-08-03","country":"Yemen (North Yemen)"},"geometry":{"type":"Point","coordinates":[43.934,13.57]}},{"type":"Feature","properties":{"weight":2.56,"date":"2026-08-04","country":"Yemen (North Yemen)"},"geometry":{"type":"Point","coordinates":[45.35,15.417]}},{"type":"Feature","properties":{"weight":3.86,"date":"2026-08-05","country":"Yemen (North Yemen)"},"geometry":{"type":"Point","coordinates":[43.741,15.074]}},{"type":"Feature","properties":{"weight":3.8,"date":"2026-08-05","country":"Yemen (North Yemen)"},"geometry":{"type":"Point","coordinates":[43.915,17.063]}},{"type":"Feature","properties":{"weight":4.33,"date":"2026-08-06","country":"Yemen (North Yemen)"},"geometry":{"type":"Point","coordinates":[46.315,15.756]}},{"type":"Feature","properties":{"weight":2.91,"date":"2026-08-07","country":"Yemen (North Yemen)"},"geometry":{"type":"Point","coordinates":[45.012,15.451]}},{"type":"Feature","properties":{"weight":1.95,"date":"2026-08-07","country":"Yemen (North Yemen)"},"geometry":{"type":"Point","coordinates":[45.325,15.461]}},{"type":"Feature","properties":{"weight":1.95,"date":"2026-08-07","country":"Yemen (North Yemen)"},"geometry":{"type":"Point","coordinates":[45.368,14.93]}},{"type":"Feature","properties":{"weight":2.4,"date":"2026-08-07","country":"Yemen (North Yemen)"},"geometry":{"type":"Point","coordinates":[45.368,14.93]}},{"type":"Feature","properties":{"weight":2.69,"date":"2026-08-07","country":"Yemen (North Yemen)"},"geometry":{"type":"Point","coordinates":[47.5,15.5]}},{"type":"Feature","properties":{"weight":1.6,"date":"2026-08-07","country":"Yemen (North Yemen)"},"geometry":{"type":"Point","coordinates":[43.147,13.318]}},{"type":"Feature","properties":{"weight":1.95,"date":"2026-08-08","country":"Yemen (North Yemen)"},"geometry":{"type":"Point","coordinates":[44.666,15.564]}},{"type":"Feature","properties":{"weight":1.95,"date":"2026-08-08","country":"Yemen (North Yemen)"},"geometry":{"type":"Point","coordinates":[43.199,17.152]}},{"type":"Feature","properties":{"weight":4.09,"date":"2026-08-08","country":"Yemen (North Yemen)"},"geometry":{"type":"Point","coordinates":[43.204,13.92]}},{"type":"Feature","properties":{"weight":2.2,"date":"2026-08-08","country":"Yemen (North Yemen)"},"geometry":{"type":"Point","coordinates":[44.649,13.925]}},{"type":"Feature","properties":{"weight":1.95,"date":"2026-08-08","country":"Yemen (North Yemen)"},"geometry":{"type":"Point","coordinates":[44.662,15.555]}},{"type":"Feature","properties":{"weight":2.2,"date":"2026-08-09","country":"Yemen (North Yemen)"},"geometry":{"type":"Point","coordinates":[44.0,13.5]}},{"type":"Feature","properties":{"weight":1.6,"date":"2026-08-09","country":"Yemen (North Yemen)"},"geometry":{"type":"Point","coordinates":[45.126,15.544]}},{"type":"Feature","properties":{"weight":2.2,"date":"2026-08-09","country":"Yemen (North Yemen)"},"geometry":{"type":"Point","coordinates":[43.193,14.917]}},{"type":"Feature","properties":{"weight":2.91,"date":"2026-08-09","country":"Yemen (North Yemen)"},"geometry":{"type":"Point","coordinates":[43.245,13.319]}},{"type":"Feature","properties":{"weight":1.6,"date":"2026-08-09","country":"Yemen (North Yemen)"},"geometry":{"type":"Point","coordinates":[43.48,13.58]}},{"type":"Feature","properties":{"weight":1.6,"date":"2026-08-09","country":"Yemen (North Yemen)"},"geometry":{"type":"Point","coordinates":[44.578,13.818]}},{"type":"Feature","properties":{"weight":6.69,"date":"2026-08-09","country":"Yemen (North Yemen)"},"geometry":{"type":"Point","coordinates":[43.48,13.58]}},{"type":"Feature","properties":{"weight":1.6,"date":"2026-08-10","country":"Yemen (North Yemen)"},"geometry":{"type":"Point","coordinates":[44.092,13.544]}},{"type":"Feature","properties":{"weight":1.6,"date":"2026-08-10","country":"Yemen (North Yemen)"},"geometry":{"type":"Point","coordinates":[43.547,14.024]}},{"type":"Feature","properties":{"weight":1.6,"date":"2026-08-10","country":"Yemen (North Yemen)"},"geometry":{"type":"Point","coordinates":[44.063,13.463]}},{"type":"Feature","properties":{"weight":2.4,"date":"2026-08-10","country":"Yemen (North Yemen)"},"geometry":{"type":"Point","coordinates":[45.519,14.975]}},{"type":"Feature","properties":{"weight":2.56,"date":"2026-08-10","country":"Yemen (North Yemen)"},"geometry":{"type":"Point","coordinates":[45.748,14.753]}},{"type":"Feature","properties":{"weight":1.6,"date":"2026-08-11","country":"Yemen (North Yemen)"},"geometry":{"type":"Point","coordinates":[45.358,15.57]}},{"type":"Feature","properties":{"weight":3.16,"date":"2026-08-11","country":"Yemen (North Yemen)"},"geometry":{"type":"Point","coordinates":[45.28,15.36]}},{"type":"Feature","properties":{"weight":3.89,"date":"2026-08-11","country":"Yemen (North Yemen)"},"geometry":{"type":"Point","coordinates":[43.703,13.441]}},{"type":"Feature","properties":{"weight":1.95,"date":"2026-08-11","country":"Yemen (North Yemen)"},"geometry":{"type":"Point","coordinates":[43.421,12.661]}},{"type":"Feature","properties":{"weight":1.95,"date":"2026-08-11","country":"Yemen (North Yemen)"},"geometry":{"type":"Point","coordinates":[44.604,13.867]}},{"type":"Feature","properties":{"weight":2.2,"date":"2026-08-12","country":"Yemen (North Yemen)"},"geometry":{"type":"Point","coordinates":[44.303,13.255]}},{"type":"Feature","properties":{"weight":1.95,"date":"2026-08-12","country":"Yemen (North Yemen)"},"geometry":{"type":"Point","coordinates":[47.0,15.0]}},{"type":"Feature","properties":{"weight":1.6,"date":"2026-08-13","country":"Yemen (North Yemen)"},"geometry":{"type":"Point","coordinates":[43.261,16.937]}},{"type":"Feature","properties":{"weight":1.6,"date":"2026-08-13","country":"Yemen (North Yemen)"},"geometry":{"type":"Point","coordinates":[43.333,16.99]}},{"type":"Feature","properties":{"weight":4.65,"date":"2026-08-13","country":"Yemen (North Yemen)"},"geometry":{"type":"Point","coordinates":[43.703,13.441]}},{"type":"Feature","properties":{"weight":2.2,"date":"2026-08-13","country":"Yemen (North Yemen)"},"geometry":{"type":"Point","coordinates":[44.303,13.255]}},{"type":"Feature","properties":{"weight":2.69,"date":"2026-08-13","country":"Yemen (North Yemen)"},"geometry":{"type":"Point","coordinates":[42.141,14.732]}},{"type":"Feature","properties":{"weight":2.2,"date":"2026-08-13","country":"Yemen (North Yemen)"},"geometry":{"type":"Point","coordinates":[47.229,15.938]}},{"type":"Feature","properties":{"weight":4.86,"date":"2026-08-13","country":"Yemen (North Yemen)"},"geometry":{"type":"Point","coordinates":[47.5,15.5]}},{"type":"Feature","properties":{"weight":1.95,"date":"2026-08-13","country":"Yemen (North Yemen)"},"geometry":{"type":"Point","coordinates":[45.35,15.417]}},{"type":"Feature","properties":{"weight":2.81,"date":"2026-08-14","country":"Yemen (North Yemen)"},"geometry":{"type":"Point","coordinates":[43.245,13.319]}},{"type":"Feature","properties":{"weight":2.56,"date":"2026-08-14","country":"Yemen (North Yemen)"},"geometry":{"type":"Point","coordinates":[43.703,13.441]}},{"type":"Feature","properties":{"weight":2.2,"date":"2026-08-14","country":"Yemen (North Yemen)"},"geometry":{"type":"Point","coordinates":[43.193,14.917]}},{"type":"Feature","properties":{"weight":1.6,"date":"2026-08-14","country":"Yemen (North Yemen)"},"geometry":{"type":"Point","coordinates":[44.0,13.5]}},{"type":"Feature","properties":{"weight":2.4,"date":"2026-08-15","country":"Yemen (North Yemen)"},"geometry":{"type":"Point","coordinates":[43.245,13.319]}},{"type":"Feature","properties":{"weight":1.95,"date":"2026-08-15","country":"Yemen (North Yemen)"},"geometry":{"type":"Point","coordinates":[47.5,15.5]}},{"type":"Feature","properties":{"weight":2.2,"date":"2026-08-15","country":"Yemen (North Yemen)"},"geometry":{"type":"Point","coordinates":[43.763,13.384]}},{"type":"Feature","properties":{"weight":1.95,"date":"2026-08-15","country":"Yemen (North Yemen)"},"geometry":{"type":"Point","coordinates":[47.5,15.5]}},{"type":"Feature","properties":{"weight":2.2,"date":"2026-08-15","country":"Yemen (North Yemen)"},"geometry":{"type":"Point","coordinates":[43.721,13.374]}},{"type":"Feature","properties":{"weight":1.95,"date":"2026-08-16","country":"Yemen (North Yemen)"},"geometry":{"type":"Point","coordinates":[44.021,13.58]}},{"type":"Feature","properties":{"weight":1.95,"date":"2026-08-16","country":"Yemen (North Yemen)"},"geometry":{"type":"Point","coordinates":[45.35,15.417]}},{"type":"Feature","properties":{"weight":1.95,"date":"2026-08-17","country":"Yemen (North Yemen)"},"geometry":{"type":"Point","coordinates":[44.211,13.242]}},{"type":"Feature","properties":{"weight":2.2,"date":"2026-08-17","country":"Yemen (North Yemen)"},"geometry":{"type":"Point","coordinates":[43.803,13.461]}},{"type":"Feature","properties":{"weight":2.69,"date":"2026-08-18","country":"Yemen (North Yemen)"},"geometry":{"type":"Point","coordinates":[43.249,13.807]}},{"type":"Feature","properties":{"weight":1.95,"date":"2026-08-18","country":"Yemen (North Yemen)"},"geometry":{"type":"Point","coordinates":[44.193,13.388]}},{"type":"Feature","properties":{"weight":2.4,"date":"2026-08-18","country":"Yemen (North Yemen)"},"geometry":{"type":"Point","coordinates":[47.0,15.0]}},{"type":"Feature","properties":{"weight":2.2,"date":"2026-08-20","country":"Yemen (North Yemen)"},"geometry":{"type":"Point","coordinates":[47.5,15.5]}},{"type":"Feature","properties":{"weight":1.95,"date":"2026-08-20","country":"Yemen (North Yemen)"},"geometry":{"type":"Point","coordinates":[43.25,16.0]}},{"type":"Feature","properties":{"weight":1.95,"date":"2026-08-20","country":"Yemen (North Yemen)"},"geometry":{"type":"Point","coordinates":[43.703,13.441]}},{"type":"Feature","properties":{"weight":1.6,"date":"2026-08-20","country":"Yemen (North Yemen)"},"geometry":{"type":"Point","coordinates":[43.51,14.03]}},{"type":"Feature","properties":{"weight":1.95,"date":"2026-08-20","country":"Yemen (North Yemen)"},"geometry":{"type":"Point","coordinates":[47.5,15.5]}},{"type":"Feature","properties":{"weight":1.95,"date":"2026-08-21","country":"Yemen (North Yemen)"},"geometry":{"type":"Point","coordinates":[43.703,13.441]}},{"type":"Feature","properties":{"weight":2.4,"date":"2026-08-21","country":"Yemen (North Yemen)"},"geometry":{"type":"Point","coordinates":[43.25,16.0]}},{"type":"Feature","properties":{"weight":2.2,"date":"2026-08-21","country":"Yemen (North Yemen)"},"geometry":{"type":"Point","coordinates":[45.35,15.417]}},{"type":"Feature","properties":{"weight":2.2,"date":"2026-08-21","country":"Yemen (North Yemen)"},"geometry":{"type":"Point","coordinates":[45.126,15.544]}},{"type":"Feature","properties":{"weight":3.51,"date":"2026-08-22","country":"Yemen (North Yemen)"},"geometry":{"type":"Point","coordinates":[43.703,13.441]}},{"type":"Feature","properties":{"weight":1.6,"date":"2026-08-22","country":"Yemen (North Yemen)"},"geometry":{"type":"Point","coordinates":[47.5,15.5]}},{"type":"Feature","properties":{"weight":1.6,"date":"2026-08-22","country":"Yemen (North Yemen)"},"geometry":{"type":"Point","coordinates":[44.746,13.903]}},{"type":"Feature","properties":{"weight":1.95,"date":"2026-08-23","country":"Yemen (North Yemen)"},"geometry":{"type":"Point","coordinates":[45.289,14.025]}},{"type":"Feature","properties":{"weight":1.95,"date":"2026-08-24","country":"Yemen (North Yemen)"},"geometry":{"type":"Point","coordinates":[44.051,13.435]}},{"type":"Feature","properties":{"weight":1.6,"date":"2026-08-24","country":"Yemen (North Yemen)"},"geometry":{"type":"Point","coordinates":[44.252,17.167]}},{"type":"Feature","properties":{"weight":2.2,"date":"2026-08-24","country":"Yemen (North Yemen)"},"geometry":{"type":"Point","coordinates":[43.193,14.917]}},{"type":"Feature","properties":{"weight":1.95,"date":"2026-08-25","country":"Yemen (North Yemen)"},"geometry":{"type":"Point","coordinates":[47.013,16.936]}},{"type":"Feature","properties":{"weight":1.6,"date":"2026-08-25","country":"Yemen (North Yemen)"},"geometry":{"type":"Point","coordinates":[45.41,15.77]}},{"type":"Feature","properties":{"weight":3.0,"date":"2026-08-25","country":"Yemen (North Yemen)"},"geometry":{"type":"Point","coordinates":[44.021,13.58]}},{"type":"Feature","properties":{"weight":3.51,"date":"2026-08-25","country":"Yemen (North Yemen)"},"geometry":{"type":"Point","coordinates":[43.353,13.942]}},{"type":"Feature","properties":{"weight":1.6,"date":"2026-08-26","country":"Yemen (North Yemen)"},"geometry":{"type":"Point","coordinates":[44.53,13.58]}},{"type":"Feature","properties":{"weight":2.69,"date":"2026-08-27","country":"Yemen (North Yemen)"},"geometry":{"type":"Point","coordinates":[42.732,13.72]}},{"type":"Feature","properties":{"weight":1.6,"date":"2026-08-27","country":"Yemen (North Yemen)"},"geometry":{"type":"Point","coordinates":[44.254,13.467]}},{"type":"Feature","properties":{"weight":1.6,"date":"2026-08-27","country":"Yemen (North Yemen)"},"geometry":{"type":"Point","coordinates":[45.386,15.458]}},{"type":"Feature","properties":{"weight":1.95,"date":"2026-08-28","country":"Yemen (North Yemen)"},"geometry":{"type":"Point","coordinates":[45.394,14.342]}},{"type":"Feature","properties":{"weight":2.56,"date":"2026-08-28","country":"Yemen (North Yemen)"},"geometry":{"type":"Point","coordinates":[44.67,14.09]}},{"type":"Feature","properties":{"weight":1.95,"date":"2026-08-28","country":"Yemen (North Yemen)"},"geometry":{"type":"Point","coordinates":[45.289,14.025]}},{"type":"Feature","properties":{"weight":3.95,"date":"2026-08-29","country":"Yemen (North Yemen)"},"geometry":{"type":"Point","coordinates":[43.555,13.971]}},{"type":"Feature","properties":{"weight":2.2,"date":"2026-08-29","country":"Yemen (North Yemen)"},"geometry":{"type":"Point","coordinates":[45.289,14.025]}},{"type":"Feature","properties":{"weight":1.6,"date":"2026-08-29","country":"Yemen (North Yemen)"},"geometry":{"type":"Point","coordinates":[44.175,13.281]}},{"type":"Feature","properties":{"weight":1.95,"date":"2026-08-29","country":"Yemen (North Yemen)"},"geometry":{"type":"Point","coordinates":[43.721,13.374]}},{"type":"Feature","properties":{"weight":1.95,"date":"2026-08-30","country":"Yemen (North Yemen)"},"geometry":{"type":"Point","coordinates":[45.35,15.417]}},{"type":"Feature","properties":{"weight":1.6,"date":"2026-08-30","country":"Yemen (North Yemen)"},"geometry":{"type":"Point","coordinates":[43.139,16.907]}},{"type":"Feature","properties":{"weight":2.4,"date":"2026-08-30","country":"Yemen (North Yemen)"},"geometry":{"type":"Point","coordinates":[42.141,14.732]}},{"type":"Feature","properties":{"weight":1.95,"date":"2026-08-31","country":"Yemen (North Yemen)"},"geometry":{"type":"Point","coordinates":[43.831,13.547]}},{"type":"Feature","properties":{"weight":1.95,"date":"2026-08-31","country":"Yemen (North Yemen)"},"geometry":{"type":"Point","coordinates":[44.08,13.496]}},{"type":"Feature","properties":{"weight":1.95,"date":"2026-08-31","country":"Yemen (North Yemen)"},"geometry":{"type":"Point","coordinates":[45.289,14.025]}},{"type":"Feature","properties":{"weight":1.95,"date":"2026-08-31","country":"Yemen (North Yemen)"},"geometry":{"type":"Point","coordinates":[43.498,13.958]}},{"type":"Feature","properties":{"weight":1.95,"date":"2026-08-31","country":"Yemen (North Yemen)"},"geometry":{"type":"Point","coordinates":[48.672,15.906]}},{"type":"Feature","properties":{"weight":1.6,"date":"2026-08-02","country":"Yemen (North Yemen)"},"geometry":{"type":"Point","coordinates":[44.708,13.825]}},{"type":"Feature","properties":{"weight":1.6,"date":"2026-08-25","country":"Yemen (North Yemen)"},"geometry":{"type":"Point","coordinates":[47.229,15.938]}},{"type":"Feature","properties":{"weight":1.6,"date":"2026-08-27","country":"Yemen (North Yemen)"},"geometry":{"type":"Point","coordinates":[44.021,13.58]}},{"type":"Feature","properties":{"weight":1.6,"date":"2026-08-03","country":"Yemen (North Yemen)"},"geometry":{"type":"Point","coordinates":[44.225,16.623]}},{"type":"Feature","properties":{"weight":1.95,"date":"2026-08-16","country":"Yemen (North Yemen)"},"geometry":{"type":"Point","coordinates":[44.084,16.483]}},{"type":"Feature","properties":{"weight":1.6,"date":"2026-08-14","country":"Zambia"},"geometry":{"type":"Point","coordinates":[28.283,-15.417]}}]}